[2026-05-14 20:03:57,702] INFO django.utils.autoreload autoreload Watching for file changes with StatReloader
[2026-05-14 20:08:56,415] INFO django.utils.autoreload autoreload Watching for file changes with StatReloader
[2026-05-14 20:25:38,253] INFO django.server basehttp "GET / HTTP/1.1" 200 37093
[2026-05-14 20:25:42,606] INFO django.server basehttp "GET / HTTP/1.1" 200 37093
[2026-05-14 20:25:49,918] INFO django.server basehttp "GET / HTTP/1.1" 200 37093
[2026-05-14 20:25:56,667] INFO django.server basehttp "GET / HTTP/1.1" 200 37093
[2026-05-14 20:26:02,597] INFO django.server basehttp "GET /login/ HTTP/1.1" 200 16088
[2026-05-14 20:26:13,978] INFO django.server basehttp "GET /login/ HTTP/1.1" 200 16088
[2026-05-14 20:26:59,766] INFO django.server basehttp "POST /login/ HTTP/1.1" 302 0
[2026-05-14 20:27:00,073] INFO django.server basehttp "GET /hod/dashboard/ HTTP/1.1" 200 35449
[2026-05-14 20:27:06,814] ERROR django.request log Internal Server Error: /dashboard/feedback-analytics/
Traceback (most recent call last):
  File "C:\Users\fairo\AppData\Local\Programs\Python\Python314\Lib\site-packages\django\core\handlers\exception.py", line 55, in inner
    response = get_response(request)
  File "C:\Users\fairo\AppData\Local\Programs\Python\Python314\Lib\site-packages\django\core\handlers\base.py", line 197, in _get_response
    response = wrapped_callback(request, *callback_args, **callback_kwargs)
  File "C:\Users\fairo\AppData\Local\Programs\Python\Python314\Lib\site-packages\django\contrib\auth\decorators.py", line 59, in _view_wrapper
    return view_func(request, *args, **kwargs)
  File "C:\Users\fairo\Music\Py_feed2_recent\FeedbackFlow\users\views.py", line 625, in feedback_analytics
    import plotly.graph_objects as go
ModuleNotFoundError: No module named 'plotly'
[2026-05-14 20:27:06,834] ERROR django.server basehttp "GET /dashboard/feedback-analytics/ HTTP/1.1" 500 80163
[2026-05-14 20:32:45,939] INFO django.utils.autoreload autoreload Watching for file changes with StatReloader
[2026-05-14 20:33:43,692] INFO django.server log "GET /hod/dashboard/ HTTP/1.1" 200 35098
[2026-05-14 20:33:48,779] INFO django.server log "GET /dashboard/feedback-analytics/ HTTP/1.1" 200 67082
[2026-05-14 20:33:53,212] INFO django.server log "GET /login/ HTTP/1.1" 200 16088
[2026-05-14 20:34:39,725] INFO django.server log "POST /login/ HTTP/1.1" 302 0
[2026-05-14 20:34:39,927] INFO django.server log "GET /student/dashboard/ HTTP/1.1" 200 39697
[2026-05-14 20:35:20,528] INFO django.server log "GET /login/ HTTP/1.1" 200 16088
[2026-05-14 20:35:50,862] INFO django.server log "POST /login/ HTTP/1.1" 302 0
[2026-05-14 20:35:51,050] INFO django.server log "GET /faculty/dashboard/ HTTP/1.1" 200 34709
[2026-05-14 20:36:39,991] INFO django.server log "GET /complaints/public-log/ HTTP/1.1" 200 22656
[2026-05-14 20:36:50,183] INFO django.server log "GET /complaints/public-log/?type=Facility HTTP/1.1" 200 21918
[2026-05-14 20:36:52,638] INFO django.server log "GET /complaints/public-log/?type=Faculty HTTP/1.1" 200 18658
[2026-05-14 20:36:55,209] INFO django.server log "GET /complaints/public-log/ HTTP/1.1" 200 22656
[2026-05-14 20:36:59,423] INFO django.server log "GET / HTTP/1.1" 302 0
[2026-05-14 20:36:59,489] INFO django.server log "GET /faculty/dashboard/ HTTP/1.1" 200 34360
[2026-05-14 20:37:05,385] INFO django.server log "GET /complaints/public-log/ HTTP/1.1" 200 22659
[2026-05-14 20:37:17,711] INFO django.server log "GET / HTTP/1.1" 302 0
[2026-05-14 20:37:17,795] INFO django.server log "GET /student/dashboard/ HTTP/1.1" 200 39345
[2026-05-14 20:37:25,929] INFO django.server log "GET / HTTP/1.1" 302 0
[2026-05-14 20:37:26,039] INFO django.server log "GET /hod/dashboard/ HTTP/1.1" 200 35098
[2026-05-14 20:37:28,217] INFO django.server log "GET /complaints/public-log/ HTTP/1.1" 200 22658
[2026-05-14 20:37:38,593] INFO django.server log "GET / HTTP/1.1" 302 0
[2026-05-14 20:37:38,643] INFO django.server log "GET /hod/dashboard/ HTTP/1.1" 200 35098
[2026-05-14 20:40:01,637] INFO django.server log "POST /login/ HTTP/1.1" 302 0
[2026-05-14 20:40:01,826] INFO django.server log "GET /dashboard/admin/ HTTP/1.1" 200 41199
[2026-05-14 20:40:57,538] INFO django.server log "GET /dashboard/feedback-analytics/ HTTP/1.1" 200 81579
[2026-05-14 20:41:06,694] INFO django.server log "GET / HTTP/1.1" 302 0
[2026-05-14 20:41:06,786] INFO django.server log "GET /dashboard/admin/ HTTP/1.1" 200 40847
[2026-05-14 20:42:50,332] INFO django.server log "GET /feedback/admin/courses/add/ HTTP/1.1" 200 16984
[2026-05-14 20:42:55,390] INFO django.server log "GET /feedback/admin/assignments/ HTTP/1.1" 200 49702
[2026-05-14 20:42:58,646] INFO django.server log "GET / HTTP/1.1" 302 0
[2026-05-14 20:42:58,704] INFO django.server log "GET /dashboard/admin/ HTTP/1.1" 200 40847
[2026-05-14 20:43:01,024] INFO django.server log "GET /dashboard/feedback-reports/ HTTP/1.1" 200 120112
[2026-05-14 20:43:19,856] INFO django.server log "GET /dashboard/admin/ HTTP/1.1" 200 40847
[2026-05-14 20:43:22,668] INFO django.server log "GET /dashboard/feedback-analytics/ HTTP/1.1" 200 81579
[2026-05-14 20:43:28,031] INFO django.server log "GET /dashboard/admin/ HTTP/1.1" 200 40847
[2026-05-14 20:43:31,022] INFO django.server log "GET /feedback/admin/assignments/ HTTP/1.1" 200 49702
[2026-05-14 20:43:34,548] INFO django.server log "GET /complaints/admin/list/ HTTP/1.1" 200 70882
[2026-05-14 20:43:39,645] INFO django.server log "GET /complaints/admin/list/ HTTP/1.1" 200 70882
[2026-05-14 20:43:45,544] INFO django.server log "GET /complaints/admin/list/ HTTP/1.1" 200 70882
[2026-05-14 20:43:54,435] INFO django.server log "GET /dashboard/appointments/ HTTP/1.1" 200 33655
[2026-05-14 20:43:57,220] INFO django.server log "GET /dashboard/appointments/8/ HTTP/1.1" 200 18008
[2026-05-14 20:44:10,611] INFO django.server log "GET /dashboard/appointments/?status=Rejected%20by%20Committee HTTP/1.1" 200 18911
[2026-05-14 20:44:11,988] INFO django.server log "GET /dashboard/appointments/?status=Meeting%20Scheduled HTTP/1.1" 200 21175
[2026-05-14 20:44:13,446] INFO django.server log "GET /dashboard/appointments/?status=Forwarded%20to%20Committee HTTP/1.1" 200 21168
[2026-05-14 20:44:14,215] INFO django.server log "GET /dashboard/appointments/?status=Pending HTTP/1.1" 200 30093
[2026-05-14 20:44:15,522] INFO django.server log "GET /dashboard/appointments/?status= HTTP/1.1" 200 33655
[2026-05-14 20:44:17,452] INFO django.server log "GET / HTTP/1.1" 302 0
[2026-05-14 20:44:17,492] INFO django.server log "GET /dashboard/admin/ HTTP/1.1" 200 40847
[2026-05-14 22:18:47,341] INFO django.server log "GET /feedback/admin/courses/ HTTP/1.1" 200 75491
[2026-05-14 22:19:00,241] INFO django.server log "GET /feedback/admin/courses/?search=&department=&active= HTTP/1.1" 200 75491
[2026-05-14 22:19:02,588] INFO django.server log "GET /feedback/admin/courses/?search=&department=&active= HTTP/1.1" 200 75491
[2026-05-14 22:19:03,079] INFO django.server log "GET /feedback/admin/courses/add/ HTTP/1.1" 200 16984
[2026-05-14 22:19:06,769] INFO django.server log "GET /dashboard/admin/ HTTP/1.1" 200 40847
[2026-05-14 22:19:09,565] INFO django.server log "GET /complaints/public-log/ HTTP/1.1" 200 22659
[2026-05-14 22:19:16,152] INFO django.server log "GET /complaints/public-log/?type=Faculty HTTP/1.1" 200 18661
[2026-05-14 22:19:17,597] INFO django.server log "GET /complaints/public-log/?type=Facility HTTP/1.1" 200 21921
[2026-05-14 22:19:35,557] INFO django.server log "GET /complaints/public-log/ HTTP/1.1" 200 22659
[2026-05-14 22:19:38,784] INFO django.server log "GET / HTTP/1.1" 302 0
[2026-05-14 22:19:38,819] INFO django.server log "GET /dashboard/admin/ HTTP/1.1" 200 40847
[2026-05-14 22:19:44,469] INFO django.server log "GET /dashboard/feedback-analytics/ HTTP/1.1" 200 81579
[2026-05-14 22:20:06,175] INFO django.server log "GET /dashboard/feedback-reports/ HTTP/1.1" 200 120112
[2026-05-14 22:20:24,144] INFO django.server log "GET /dashboard/admin/ HTTP/1.1" 200 40847
[2026-05-14 22:20:46,240] INFO django.server log "GET /feedback/course-registration/ HTTP/1.1" 200 66343
[2026-05-14 22:20:59,613] INFO django.server log "POST /feedback/course-registration/ HTTP/1.1" 302 0
[2026-05-14 22:20:59,721] INFO django.server log "GET /feedback/course-registration/ HTTP/1.1" 200 67440
[2026-05-14 22:21:11,302] INFO django.server log "POST /feedback/course-registration/ HTTP/1.1" 302 0
[2026-05-14 22:21:11,372] INFO django.server log "GET /feedback/course-registration/ HTTP/1.1" 200 67440
[2026-05-14 22:21:17,530] INFO django.server log "GET /feedback/submit/ HTTP/1.1" 302 0
[2026-05-14 22:21:17,595] INFO django.server log "GET /feedback/my-feedback/ HTTP/1.1" 200 24979
[2026-05-14 22:21:28,167] INFO django.server log "GET / HTTP/1.1" 302 0
[2026-05-14 22:21:28,216] INFO django.server log "GET /student/dashboard/ HTTP/1.1" 200 39345
[2026-05-14 22:22:28,702] INFO django.server log "GET /feedback/submit/ HTTP/1.1" 302 0
[2026-05-14 22:22:28,723] INFO django.server log "GET /feedback/my-feedback/ HTTP/1.1" 200 24979
[2026-05-14 22:22:32,043] INFO django.server log "GET /feedback/submit/ HTTP/1.1" 302 0
[2026-05-14 22:22:32,066] INFO django.server log "GET /feedback/my-feedback/ HTTP/1.1" 200 24979
[2026-05-14 22:22:33,877] INFO django.server log "GET /feedback/submit/ HTTP/1.1" 302 0
[2026-05-14 22:22:33,904] INFO django.server log "GET /feedback/my-feedback/ HTTP/1.1" 200 24979
[2026-05-14 22:22:34,756] INFO django.server log "GET /feedback/submit/ HTTP/1.1" 302 0
[2026-05-14 22:22:34,782] INFO django.server log "GET /feedback/my-feedback/ HTTP/1.1" 200 24979
[2026-05-14 22:22:40,129] INFO django.server log "GET /feedback/submit/ HTTP/1.1" 302 0
[2026-05-14 22:22:40,156] INFO django.server log "GET /feedback/my-feedback/ HTTP/1.1" 200 24979
[2026-05-14 22:22:42,817] INFO django.server log "GET / HTTP/1.1" 302 0
[2026-05-14 22:22:42,850] INFO django.server log "GET /student/dashboard/ HTTP/1.1" 200 39345
[2026-05-14 22:22:45,115] INFO django.server log "GET /feedback/submit/ HTTP/1.1" 302 0
[2026-05-14 22:22:45,136] INFO django.server log "GET /feedback/my-feedback/ HTTP/1.1" 200 24979
[2026-05-14 22:23:32,775] INFO django.server log "GET /feedback/submit/ HTTP/1.1" 302 0
[2026-05-14 22:23:32,800] INFO django.server log "GET /feedback/my-feedback/ HTTP/1.1" 200 24979
[2026-05-14 22:23:32,968] INFO django.server log "GET /feedback/submit/ HTTP/1.1" 302 0
[2026-05-14 22:23:33,000] INFO django.server log "GET /feedback/my-feedback/ HTTP/1.1" 200 24979
[2026-05-14 22:23:46,492] INFO django.server log "GET / HTTP/1.1" 302 0
[2026-05-14 22:23:46,526] INFO django.server log "GET /student/dashboard/ HTTP/1.1" 200 39345
[2026-05-14 22:23:48,915] INFO django.server log "GET /complaints/submit/ HTTP/1.1" 200 26395
[2026-05-14 22:25:29,229] INFO django.server log "POST /complaints/submit/ HTTP/1.1" 302 0
[2026-05-14 22:25:29,321] INFO django.server log "GET /complaints/my-complaints/ HTTP/1.1" 200 18368
[2026-05-14 22:25:33,773] INFO django.server log "GET /complaints/detail/32/ HTTP/1.1" 200 16850
[2026-05-14 22:25:41,137] INFO django.server log "GET /complaints/my-complaints/ HTTP/1.1" 200 17981
[2026-05-14 22:25:42,337] INFO django.server log "GET /notifications/ HTTP/1.1" 200 13815
[2026-05-14 22:25:47,457] INFO django.server log "GET /notifications/mark-read/101/ HTTP/1.1" 302 0
[2026-05-14 22:25:47,480] INFO django.server log "GET /complaints/detail/32/ HTTP/1.1" 200 16738
[2026-05-14 22:25:49,141] INFO django.server log "GET / HTTP/1.1" 302 0
[2026-05-14 22:25:49,176] INFO django.server log "GET /student/dashboard/ HTTP/1.1" 200 39345
[2026-05-14 22:26:18,860] INFO django.server log "GET /dashboard/feedback-reports/ HTTP/1.1" 200 61362
[2026-05-14 22:27:26,818] INFO django.server log "GET /logout/ HTTP/1.1" 302 0
[2026-05-14 22:27:26,841] INFO django.server log "GET /login/ HTTP/1.1" 200 16400
[2026-05-14 22:27:49,012] INFO django.server log "GET /complaints/public-log/ HTTP/1.1" 200 22139
[2026-05-14 22:40:50,969] INFO django.server log "GET /login/ HTTP/1.1" 200 16088
[2026-05-14 22:40:52,214] INFO django.server log "GET /login/ HTTP/1.1" 200 16088
[2026-05-14 22:40:53,368] INFO django.server log "GET /login/ HTTP/1.1" 200 16088
[2026-05-14 22:40:54,110] INFO django.server log "GET /login/ HTTP/1.1" 200 16088
[2026-05-14 22:40:54,510] INFO django.server log "GET /login/ HTTP/1.1" 200 16088
[2026-05-14 22:40:54,757] INFO django.server log "GET /login/ HTTP/1.1" 200 16088
[2026-05-14 22:41:08,540] INFO django.utils.autoreload autoreload Watching for file changes with StatReloader
[2026-05-14 22:41:12,875] INFO django.server log "GET / HTTP/1.1" 302 0
[2026-05-14 22:41:13,060] INFO django.server log "GET /hod/dashboard/ HTTP/1.1" 200 35940
[2026-05-14 22:41:22,880] INFO django.server log "GET /logout/ HTTP/1.1" 302 0
[2026-05-14 22:41:22,897] INFO django.server log "GET /login/ HTTP/1.1" 200 16399
[2026-05-14 22:41:41,062] INFO django.server log "GET /student/dashboard/ HTTP/1.1" 302 0
[2026-05-14 22:41:41,069] INFO django.server log "GET /login/?next=/student/dashboard/ HTTP/1.1" 200 16088
[2026-05-14 22:41:42,832] INFO django.server log "GET / HTTP/1.1" 200 37260
[2026-05-14 22:41:46,491] INFO django.server log "GET /complaints/public-log/ HTTP/1.1" 200 22139
[2026-05-14 22:41:49,990] INFO django.server log "GET / HTTP/1.1" 200 37260
[2026-05-14 22:41:54,369] INFO django.server log "GET /complaints/public-log/ HTTP/1.1" 200 22139
[2026-05-14 22:41:56,128] INFO django.server log "GET / HTTP/1.1" 200 37260
[2026-05-14 22:43:43,365] INFO django.server log "GET /login/ HTTP/1.1" 200 16088
[2026-05-14 22:43:56,491] INFO django.server basehttp - Broken pipe from ('127.0.0.1', 53085)
[2026-05-14 22:43:56,862] INFO django.server log "POST /login/ HTTP/1.1" 302 0
[2026-05-14 22:43:56,907] INFO django.server log "GET /hod/dashboard/ HTTP/1.1" 200 36291
[2026-05-14 22:43:57,186] INFO django.server log "GET /complaints/hod/faculty-complaint-summary/ HTTP/1.1" 200 17181
[2026-05-14 22:43:59,024] INFO django.server log "GET / HTTP/1.1" 302 0
[2026-05-14 22:43:59,054] INFO django.server log "GET /hod/dashboard/ HTTP/1.1" 200 35940
[2026-05-14 22:44:19,704] INFO django.server log "POST /login/ HTTP/1.1" 302 0
[2026-05-14 22:44:19,855] INFO django.server log "GET /student/dashboard/ HTTP/1.1" 200 39697
[2026-05-14 22:44:27,803] INFO django.server log "GET /feedback/submit/ HTTP/1.1" 302 0
[2026-05-14 22:44:27,835] INFO django.server log "GET /feedback/my-feedback/ HTTP/1.1" 200 24979
[2026-05-14 22:46:10,068] INFO django.server log "GET /dashboard/admin/ HTTP/1.1" 200 41398
[2026-05-14 22:46:12,518] INFO django.server log "GET / HTTP/1.1" 302 0
[2026-05-14 22:46:12,551] INFO django.server log "GET /dashboard/admin/ HTTP/1.1" 200 41398
[2026-05-14 22:46:20,193] INFO django.server log "GET /admin/feedback/courseregistration/ HTTP/1.1" 200 72262
[2026-05-14 22:46:20,506] INFO django.server log "GET /static/admin/css/changelists.css HTTP/1.1" 200 7498
[2026-05-14 22:46:20,506] INFO django.server log "GET /static/admin/css/base.css HTTP/1.1" 200 23100
[2026-05-14 22:46:20,511] INFO django.server log "GET /static/admin/css/nav_sidebar.css HTTP/1.1" 200 2810
[2026-05-14 22:46:20,519] INFO django.server log "GET /static/admin/css/dark_mode.css HTTP/1.1" 200 3538
[2026-05-14 22:46:20,523] INFO django.server log "GET /static/admin/css/forms.css HTTP/1.1" 200 8831
[2026-05-14 22:46:20,524] INFO django.server log "GET /static/admin/css/responsive.css HTTP/1.1" 200 16273
[2026-05-14 22:46:20,554] INFO django.server log "GET /static/admin/js/jquery.init.js HTTP/1.1" 200 347
[2026-05-14 22:46:20,568] INFO django.server log "GET /static/admin/js/theme.js HTTP/1.1" 200 1653
[2026-05-14 22:46:20,576] INFO django.server log "GET /admin/jsi18n/ HTTP/1.1" 200 3342
[2026-05-14 22:46:20,590] INFO django.server log "GET /static/admin/js/core.js HTTP/1.1" 200 6208
[2026-05-14 22:46:20,600] INFO django.server log "GET /static/admin/js/urlify.js HTTP/1.1" 200 7887
[2026-05-14 22:46:20,610] INFO django.server log "GET /static/admin/js/prepopulate.js HTTP/1.1" 200 1531
[2026-05-14 22:46:20,611] INFO django.server log "GET /static/admin/js/actions.js HTTP/1.1" 200 8076
[2026-05-14 22:46:20,622] INFO django.server log "GET /static/admin/css/widgets.css HTTP/1.1" 200 11811
[2026-05-14 22:46:20,623] INFO django.server log "GET /static/admin/js/admin/RelatedObjectLookups.js HTTP/1.1" 200 9777
[2026-05-14 22:46:20,630] INFO django.server log "GET /static/admin/img/search.svg HTTP/1.1" 200 607
[2026-05-14 22:46:20,645] INFO django.server log "GET /static/admin/img/icon-no.svg HTTP/1.1" 200 645
[2026-05-14 22:46:20,662] INFO django.server log "GET /static/admin/js/vendor/jquery/jquery.js HTTP/1.1" 200 285314
[2026-05-14 22:46:20,693] INFO django.server log "GET /static/admin/js/nav_sidebar.js HTTP/1.1" 200 3063
[2026-05-14 22:46:20,720] INFO django.server log "GET /static/admin/js/filters.js HTTP/1.1" 200 978
[2026-05-14 22:46:20,733] INFO django.server log "GET /static/admin/img/icon-yes.svg HTTP/1.1" 200 558
[2026-05-14 22:46:20,756] INFO django.server log "GET /static/admin/js/vendor/xregexp/xregexp.js HTTP/1.1" 200 325171
[2026-05-14 22:46:20,812] INFO django.server log "GET /static/admin/img/tooltag-add.svg HTTP/1.1" 200 593
[2026-05-14 22:46:20,813] INFO django.server log "GET /static/admin/img/icon-addlink.svg HTTP/1.1" 200 593
[2026-05-14 22:46:20,813] INFO django.server log "GET /static/admin/img/icon-viewlink.svg HTTP/1.1" 200 928
[2026-05-14 22:46:48,128] INFO django.server log "GET /feedback/admin/courses/ HTTP/1.1" 200 75491
[2026-05-14 22:46:55,329] INFO django.server log "GET /admin/feedback/feedbackperiod/ HTTP/1.1" 200 16335
[2026-05-14 22:46:55,375] INFO django.server log "GET /admin/jsi18n/ HTTP/1.1" 200 3342
[2026-05-14 22:47:04,581] INFO django.server log "GET /admin/users/announcement/ HTTP/1.1" 200 16125
[2026-05-14 22:47:04,622] INFO django.server log "GET /admin/jsi18n/ HTTP/1.1" 200 3342
[2026-05-14 22:47:13,859] INFO django.server log "GET /admin/feedback/feedbackperiod/ HTTP/1.1" 200 16335
[2026-05-14 22:47:13,894] INFO django.server log "GET /admin/jsi18n/ HTTP/1.1" 200 3342
[2026-05-14 22:48:05,425] INFO django.server log "GET /feedback/my-feedback/ HTTP/1.1" 200 24548
[2026-05-14 22:48:09,679] INFO django.server log "GET /feedback/submit/ HTTP/1.1" 302 0
[2026-05-14 22:48:09,713] INFO django.server log "GET /feedback/my-feedback/ HTTP/1.1" 200 25044
[2026-05-14 22:59:02,089] INFO django.server log "GET /feedback/my-feedback/ HTTP/1.1" 200 24548
[2026-05-14 22:59:03,880] INFO django.server log "GET /feedback/submit/ HTTP/1.1" 302 0
[2026-05-14 22:59:03,904] INFO django.server log "GET /feedback/my-feedback/ HTTP/1.1" 200 25106
[2026-05-14 23:00:08,007] INFO django.server log "GET /hod/dashboard/ HTTP/1.1" 200 35950
[2026-05-14 23:00:09,114] INFO django.server log "GET /hod/dashboard/ HTTP/1.1" 200 35950
[2026-05-14 23:00:14,236] INFO django.server log "GET /faculty/dashboard/ HTTP/1.1" 200 34370
[2026-05-14 23:00:16,959] INFO django.server log "GET /feedback/faculty/list/ HTTP/1.1" 200 23106
[2026-05-14 23:00:24,272] INFO django.server log "GET / HTTP/1.1" 302 0
[2026-05-14 23:00:24,311] INFO django.server log "GET /faculty/dashboard/ HTTP/1.1" 200 34370
[2026-05-14 23:00:26,573] INFO django.server log "GET /feedback/faculty/list/ HTTP/1.1" 200 23106
[2026-05-14 23:00:32,996] INFO django.server log "GET / HTTP/1.1" 302 0
[2026-05-14 23:00:33,030] INFO django.server log "GET /faculty/dashboard/ HTTP/1.1" 200 34370
[2026-05-14 23:02:15,252] INFO django.server log "GET /dashboard/appointments/ HTTP/1.1" 200 33665
[2026-05-14 23:02:16,981] INFO django.server log "GET / HTTP/1.1" 302 0
[2026-05-14 23:02:17,027] INFO django.server log "GET /dashboard/admin/ HTTP/1.1" 200 41408
[2026-05-14 23:02:20,291] INFO django.server log "GET /admin/feedback/feedbackperiod/ HTTP/1.1" 200 16335
[2026-05-14 23:02:20,338] INFO django.server log "GET /static/admin/css/base.css HTTP/1.1" 304 0
[2026-05-14 23:02:20,340] INFO django.server log "GET /static/admin/css/dark_mode.css HTTP/1.1" 304 0
[2026-05-14 23:02:20,342] INFO django.server log "GET /static/admin/css/responsive.css HTTP/1.1" 304 0
[2026-05-14 23:02:20,346] INFO django.server log "GET /static/admin/css/nav_sidebar.css HTTP/1.1" 304 0
[2026-05-14 23:02:20,348] INFO django.server log "GET /static/admin/js/theme.js HTTP/1.1" 304 0
[2026-05-14 23:02:20,349] INFO django.server log "GET /static/admin/css/changelists.css HTTP/1.1" 304 0
[2026-05-14 23:02:20,349] INFO django.server log "GET /static/admin/css/forms.css HTTP/1.1" 304 0
[2026-05-14 23:02:20,349] INFO django.server log "GET /static/admin/js/jquery.init.js HTTP/1.1" 304 0
[2026-05-14 23:02:20,350] INFO django.server log "GET /static/admin/js/vendor/jquery/jquery.js HTTP/1.1" 304 0
[2026-05-14 23:02:20,357] INFO django.server log "GET /static/admin/js/urlify.js HTTP/1.1" 304 0
[2026-05-14 23:02:20,357] INFO django.server log "GET /static/admin/js/core.js HTTP/1.1" 304 0
[2026-05-14 23:02:20,358] INFO django.server log "GET /static/admin/js/admin/RelatedObjectLookups.js HTTP/1.1" 304 0
[2026-05-14 23:02:20,358] INFO django.server log "GET /static/admin/js/actions.js HTTP/1.1" 304 0
[2026-05-14 23:02:20,363] INFO django.server log "GET /static/admin/js/prepopulate.js HTTP/1.1" 304 0
[2026-05-14 23:02:20,367] INFO django.server log "GET /static/admin/img/search.svg HTTP/1.1" 304 0
[2026-05-14 23:02:20,369] INFO django.server log "GET /static/admin/js/vendor/xregexp/xregexp.js HTTP/1.1" 304 0
[2026-05-14 23:02:20,374] INFO django.server log "GET /admin/jsi18n/ HTTP/1.1" 200 3342
[2026-05-14 23:02:20,375] INFO django.server log "GET /static/admin/css/widgets.css HTTP/1.1" 304 0
[2026-05-14 23:02:20,386] INFO django.server log "GET /static/admin/js/nav_sidebar.js HTTP/1.1" 304 0
[2026-05-14 23:02:20,386] INFO django.server log "GET /static/admin/js/filters.js HTTP/1.1" 304 0
[2026-05-14 23:02:20,440] INFO django.server log "GET /static/admin/img/tooltag-add.svg HTTP/1.1" 304 0
[2026-05-14 23:02:20,440] INFO django.server log "GET /static/admin/img/icon-viewlink.svg HTTP/1.1" 304 0
[2026-05-14 23:02:20,440] INFO django.server log "GET /static/admin/img/icon-addlink.svg HTTP/1.1" 304 0
[2026-05-14 23:02:35,331] INFO django.server log "GET /admin/users/announcement/ HTTP/1.1" 200 16125
[2026-05-14 23:02:35,357] INFO django.server log "GET /admin/jsi18n/ HTTP/1.1" 200 3342
[2026-05-14 23:02:52,162] INFO django.server log "GET /admin/feedback/courseregistration/ HTTP/1.1" 200 72262
[2026-05-14 23:02:52,221] INFO django.server log "GET /static/admin/img/icon-no.svg HTTP/1.1" 304 0
[2026-05-14 23:02:52,226] INFO django.server log "GET /static/admin/img/icon-yes.svg HTTP/1.1" 304 0
[2026-05-14 23:02:52,228] INFO django.server log "GET /admin/jsi18n/ HTTP/1.1" 200 3342
[2026-05-15 20:45:02,259] INFO django.server log "GET / HTTP/1.1" 302 0
[2026-05-15 20:45:03,151] ERROR django.request log Internal Server Error: /student/dashboard/
Traceback (most recent call last):
  File "C:\Users\fairo\AppData\Local\Programs\Python\Python314\Lib\site-packages\django\template\base.py", line 577, in parse
    compile_func = self.tags[command]
                   ~~~~~~~~~^^^^^^^^^
KeyError: 'endif'

During handling of the above exception, another exception occurred:

Traceback (most recent call last):
  File "C:\Users\fairo\AppData\Local\Programs\Python\Python314\Lib\site-packages\django\core\handlers\exception.py", line 55, in inner
    response = get_response(request)
  File "C:\Users\fairo\AppData\Local\Programs\Python\Python314\Lib\site-packages\django\core\handlers\base.py", line 198, in _get_response
    response = wrapped_callback(request, *callback_args, **callback_kwargs)
  File "C:\Users\fairo\AppData\Local\Programs\Python\Python314\Lib\site-packages\django\contrib\auth\decorators.py", line 59, in _view_wrapper
    return view_func(request, *args, **kwargs)
  File "C:\Users\fairo\Music\Py_feed2_recent\FeedbackFlow\users\views.py", line 286, in student_dashboard
    return render(request, 'users/student_dashboard.html', context)
  File "C:\Users\fairo\AppData\Local\Programs\Python\Python314\Lib\site-packages\django\shortcuts.py", line 25, in render
    content = loader.render_to_string(template_name, context, request, using=using)
  File "C:\Users\fairo\AppData\Local\Programs\Python\Python314\Lib\site-packages\django\template\loader.py", line 62, in render_to_string
    return template.render(context, request)
           ~~~~~~~~~~~~~~~^^^^^^^^^^^^^^^^^^
  File "C:\Users\fairo\AppData\Local\Programs\Python\Python314\Lib\site-packages\django\template\backends\django.py", line 107, in render
    return self.template.render(context)
           ~~~~~~~~~~~~~~~~~~~~^^^^^^^^^
  File "C:\Users\fairo\AppData\Local\Programs\Python\Python314\Lib\site-packages\django\template\base.py", line 174, in render
    return self._render(context)
           ~~~~~~~~~~~~^^^^^^^^^
  File "C:\Users\fairo\AppData\Local\Programs\Python\Python314\Lib\site-packages\django\template\base.py", line 166, in _render
    return self.nodelist.render(context)
           ~~~~~~~~~~~~~~~~~~~~^^^^^^^^^
  File "C:\Users\fairo\AppData\Local\Programs\Python\Python314\Lib\site-packages\django\template\base.py", line 1091, in render
    return SafeString("".join([node.render_annotated(context) for node in self]))
                               ~~~~~~~~~~~~~~~~~~~~~^^^^^^^^^
  File "C:\Users\fairo\AppData\Local\Programs\Python\Python314\Lib\site-packages\django\template\base.py", line 1052, in render_annotated
    return self.render(context)
           ~~~~~~~~~~~^^^^^^^^^
  File "C:\Users\fairo\AppData\Local\Programs\Python\Python314\Lib\site-packages\django\template\loader_tags.py", line 160, in render
    return compiled_parent._render(context)
           ~~~~~~~~~~~~~~~~~~~~~~~^^^^^^^^^
  File "C:\Users\fairo\AppData\Local\Programs\Python\Python314\Lib\site-packages\django\template\base.py", line 166, in _render
    return self.nodelist.render(context)
           ~~~~~~~~~~~~~~~~~~~~^^^^^^^^^
  File "C:\Users\fairo\AppData\Local\Programs\Python\Python314\Lib\site-packages\django\template\base.py", line 1091, in render
    return SafeString("".join([node.render_annotated(context) for node in self]))
                               ~~~~~~~~~~~~~~~~~~~~~^^^^^^^^^
  File "C:\Users\fairo\AppData\Local\Programs\Python\Python314\Lib\site-packages\django\template\base.py", line 1052, in render_annotated
    return self.render(context)
           ~~~~~~~~~~~^^^^^^^^^
  File "C:\Users\fairo\AppData\Local\Programs\Python\Python314\Lib\site-packages\django\template\loader_tags.py", line 135, in render
    compiled_parent = self.get_parent(context)
  File "C:\Users\fairo\AppData\Local\Programs\Python\Python314\Lib\site-packages\django\template\loader_tags.py", line 132, in get_parent
    return self.find_template(parent, context)
           ~~~~~~~~~~~~~~~~~~^^^^^^^^^^^^^^^^^
  File "C:\Users\fairo\AppData\Local\Programs\Python\Python314\Lib\site-packages\django\template\loader_tags.py", line 110, in find_template
    template, origin = context.template.engine.find_template(
                       ~~~~~~~~~~~~~~~~~~~~~~~~~~~~~~~~~~~~~^
        template_name,
        ^^^^^^^^^^^^^^
        skip=history,
        ^^^^^^^^^^^^^
    )
    ^
  File "C:\Users\fairo\AppData\Local\Programs\Python\Python314\Lib\site-packages\django\template\engine.py", line 159, in find_template
    template = loader.get_template(name, skip=skip)
  File "C:\Users\fairo\AppData\Local\Programs\Python\Python314\Lib\site-packages\django\template\loaders\cached.py", line 57, in get_template
    template = super().get_template(template_name, skip)
  File "C:\Users\fairo\AppData\Local\Programs\Python\Python314\Lib\site-packages\django\template\loaders\base.py", line 28, in get_template
    return Template(
        contents,
    ...<2 lines>...
        self.engine,
    )
  File "C:\Users\fairo\AppData\Local\Programs\Python\Python314\Lib\site-packages\django\template\base.py", line 157, in __init__
    self.nodelist = self.compile_nodelist()
                    ~~~~~~~~~~~~~~~~~~~~~^^
  File "C:\Users\fairo\AppData\Local\Programs\Python\Python314\Lib\site-packages\django\template\base.py", line 199, in compile_nodelist
    nodelist = parser.parse()
  File "C:\Users\fairo\AppData\Local\Programs\Python\Python314\Lib\site-packages\django\template\base.py", line 579, in parse
    self.invalid_block_tag(token, command, parse_until)
    ~~~~~~~~~~~~~~~~~~~~~~^^^^^^^^^^^^^^^^^^^^^^^^^^^^^
  File "C:\Users\fairo\AppData\Local\Programs\Python\Python314\Lib\site-packages\django\template\base.py", line 644, in invalid_block_tag
    raise self.error(
    ...<3 lines>...
    )
django.template.exceptions.TemplateSyntaxError: Template: C:\Users\fairo\Music\Py_feed2_recent\FeedbackFlow\users\templates\users\base.html, Invalid block tag on line 551: 'endif'. Did you forget to register or load this tag?
[2026-05-15 20:45:03,181] ERROR django.server log "GET /student/dashboard/ HTTP/1.1" 500 221972
[2026-05-15 20:45:07,586] ERROR django.request log Internal Server Error: /student/dashboard/
Traceback (most recent call last):
  File "C:\Users\fairo\AppData\Local\Programs\Python\Python314\Lib\site-packages\django\template\base.py", line 577, in parse
    compile_func = self.tags[command]
                   ~~~~~~~~~^^^^^^^^^
KeyError: 'endif'

During handling of the above exception, another exception occurred:

Traceback (most recent call last):
  File "C:\Users\fairo\AppData\Local\Programs\Python\Python314\Lib\site-packages\django\core\handlers\exception.py", line 55, in inner
    response = get_response(request)
  File "C:\Users\fairo\AppData\Local\Programs\Python\Python314\Lib\site-packages\django\core\handlers\base.py", line 198, in _get_response
    response = wrapped_callback(request, *callback_args, **callback_kwargs)
  File "C:\Users\fairo\AppData\Local\Programs\Python\Python314\Lib\site-packages\django\contrib\auth\decorators.py", line 59, in _view_wrapper
    return view_func(request, *args, **kwargs)
  File "C:\Users\fairo\Music\Py_feed2_recent\FeedbackFlow\users\views.py", line 286, in student_dashboard
    return render(request, 'users/student_dashboard.html', context)
  File "C:\Users\fairo\AppData\Local\Programs\Python\Python314\Lib\site-packages\django\shortcuts.py", line 25, in render
    content = loader.render_to_string(template_name, context, request, using=using)
  File "C:\Users\fairo\AppData\Local\Programs\Python\Python314\Lib\site-packages\django\template\loader.py", line 62, in render_to_string
    return template.render(context, request)
           ~~~~~~~~~~~~~~~^^^^^^^^^^^^^^^^^^
  File "C:\Users\fairo\AppData\Local\Programs\Python\Python314\Lib\site-packages\django\template\backends\django.py", line 107, in render
    return self.template.render(context)
           ~~~~~~~~~~~~~~~~~~~~^^^^^^^^^
  File "C:\Users\fairo\AppData\Local\Programs\Python\Python314\Lib\site-packages\django\template\base.py", line 174, in render
    return self._render(context)
           ~~~~~~~~~~~~^^^^^^^^^
  File "C:\Users\fairo\AppData\Local\Programs\Python\Python314\Lib\site-packages\django\template\base.py", line 166, in _render
    return self.nodelist.render(context)
           ~~~~~~~~~~~~~~~~~~~~^^^^^^^^^
  File "C:\Users\fairo\AppData\Local\Programs\Python\Python314\Lib\site-packages\django\template\base.py", line 1091, in render
    return SafeString("".join([node.render_annotated(context) for node in self]))
                               ~~~~~~~~~~~~~~~~~~~~~^^^^^^^^^
  File "C:\Users\fairo\AppData\Local\Programs\Python\Python314\Lib\site-packages\django\template\base.py", line 1052, in render_annotated
    return self.render(context)
           ~~~~~~~~~~~^^^^^^^^^
  File "C:\Users\fairo\AppData\Local\Programs\Python\Python314\Lib\site-packages\django\template\loader_tags.py", line 160, in render
    return compiled_parent._render(context)
           ~~~~~~~~~~~~~~~~~~~~~~~^^^^^^^^^
  File "C:\Users\fairo\AppData\Local\Programs\Python\Python314\Lib\site-packages\django\template\base.py", line 166, in _render
    return self.nodelist.render(context)
           ~~~~~~~~~~~~~~~~~~~~^^^^^^^^^
  File "C:\Users\fairo\AppData\Local\Programs\Python\Python314\Lib\site-packages\django\template\base.py", line 1091, in render
    return SafeString("".join([node.render_annotated(context) for node in self]))
                               ~~~~~~~~~~~~~~~~~~~~~^^^^^^^^^
  File "C:\Users\fairo\AppData\Local\Programs\Python\Python314\Lib\site-packages\django\template\base.py", line 1052, in render_annotated
    return self.render(context)
           ~~~~~~~~~~~^^^^^^^^^
  File "C:\Users\fairo\AppData\Local\Programs\Python\Python314\Lib\site-packages\django\template\loader_tags.py", line 135, in render
    compiled_parent = self.get_parent(context)
  File "C:\Users\fairo\AppData\Local\Programs\Python\Python314\Lib\site-packages\django\template\loader_tags.py", line 132, in get_parent
    return self.find_template(parent, context)
           ~~~~~~~~~~~~~~~~~~^^^^^^^^^^^^^^^^^
  File "C:\Users\fairo\AppData\Local\Programs\Python\Python314\Lib\site-packages\django\template\loader_tags.py", line 110, in find_template
    template, origin = context.template.engine.find_template(
                       ~~~~~~~~~~~~~~~~~~~~~~~~~~~~~~~~~~~~~^
        template_name,
        ^^^^^^^^^^^^^^
        skip=history,
        ^^^^^^^^^^^^^
    )
    ^
  File "C:\Users\fairo\AppData\Local\Programs\Python\Python314\Lib\site-packages\django\template\engine.py", line 159, in find_template
    template = loader.get_template(name, skip=skip)
  File "C:\Users\fairo\AppData\Local\Programs\Python\Python314\Lib\site-packages\django\template\loaders\cached.py", line 57, in get_template
    template = super().get_template(template_name, skip)
  File "C:\Users\fairo\AppData\Local\Programs\Python\Python314\Lib\site-packages\django\template\loaders\base.py", line 28, in get_template
    return Template(
        contents,
    ...<2 lines>...
        self.engine,
    )
  File "C:\Users\fairo\AppData\Local\Programs\Python\Python314\Lib\site-packages\django\template\base.py", line 157, in __init__
    self.nodelist = self.compile_nodelist()
                    ~~~~~~~~~~~~~~~~~~~~~^^
  File "C:\Users\fairo\AppData\Local\Programs\Python\Python314\Lib\site-packages\django\template\base.py", line 199, in compile_nodelist
    nodelist = parser.parse()
  File "C:\Users\fairo\AppData\Local\Programs\Python\Python314\Lib\site-packages\django\template\base.py", line 579, in parse
    self.invalid_block_tag(token, command, parse_until)
    ~~~~~~~~~~~~~~~~~~~~~~^^^^^^^^^^^^^^^^^^^^^^^^^^^^^
  File "C:\Users\fairo\AppData\Local\Programs\Python\Python314\Lib\site-packages\django\template\base.py", line 644, in invalid_block_tag
    raise self.error(
    ...<3 lines>...
    )
django.template.exceptions.TemplateSyntaxError: Template: C:\Users\fairo\Music\Py_feed2_recent\FeedbackFlow\users\templates\users\base.html, Invalid block tag on line 551: 'endif'. Did you forget to register or load this tag?
[2026-05-15 20:45:07,592] ERROR django.server log "GET /student/dashboard/ HTTP/1.1" 500 222109
[2026-05-15 20:45:21,742] ERROR django.request log Internal Server Error: /feedback/my-feedback/
Traceback (most recent call last):
  File "C:\Users\fairo\AppData\Local\Programs\Python\Python314\Lib\site-packages\django\template\base.py", line 577, in parse
    compile_func = self.tags[command]
                   ~~~~~~~~~^^^^^^^^^
KeyError: 'endif'

During handling of the above exception, another exception occurred:

Traceback (most recent call last):
  File "C:\Users\fairo\AppData\Local\Programs\Python\Python314\Lib\site-packages\django\core\handlers\exception.py", line 55, in inner
    response = get_response(request)
  File "C:\Users\fairo\AppData\Local\Programs\Python\Python314\Lib\site-packages\django\core\handlers\base.py", line 198, in _get_response
    response = wrapped_callback(request, *callback_args, **callback_kwargs)
  File "C:\Users\fairo\AppData\Local\Programs\Python\Python314\Lib\site-packages\django\contrib\auth\decorators.py", line 59, in _view_wrapper
    return view_func(request, *args, **kwargs)
  File "C:\Users\fairo\Music\Py_feed2_recent\FeedbackFlow\feedback\views.py", line 108, in my_feedback
    return render(request, 'feedback/my_feedback.html', context)
  File "C:\Users\fairo\AppData\Local\Programs\Python\Python314\Lib\site-packages\django\shortcuts.py", line 25, in render
    content = loader.render_to_string(template_name, context, request, using=using)
  File "C:\Users\fairo\AppData\Local\Programs\Python\Python314\Lib\site-packages\django\template\loader.py", line 62, in render_to_string
    return template.render(context, request)
           ~~~~~~~~~~~~~~~^^^^^^^^^^^^^^^^^^
  File "C:\Users\fairo\AppData\Local\Programs\Python\Python314\Lib\site-packages\django\template\backends\django.py", line 107, in render
    return self.template.render(context)
           ~~~~~~~~~~~~~~~~~~~~^^^^^^^^^
  File "C:\Users\fairo\AppData\Local\Programs\Python\Python314\Lib\site-packages\django\template\base.py", line 174, in render
    return self._render(context)
           ~~~~~~~~~~~~^^^^^^^^^
  File "C:\Users\fairo\AppData\Local\Programs\Python\Python314\Lib\site-packages\django\template\base.py", line 166, in _render
    return self.nodelist.render(context)
           ~~~~~~~~~~~~~~~~~~~~^^^^^^^^^
  File "C:\Users\fairo\AppData\Local\Programs\Python\Python314\Lib\site-packages\django\template\base.py", line 1091, in render
    return SafeString("".join([node.render_annotated(context) for node in self]))
                               ~~~~~~~~~~~~~~~~~~~~~^^^^^^^^^
  File "C:\Users\fairo\AppData\Local\Programs\Python\Python314\Lib\site-packages\django\template\base.py", line 1052, in render_annotated
    return self.render(context)
           ~~~~~~~~~~~^^^^^^^^^
  File "C:\Users\fairo\AppData\Local\Programs\Python\Python314\Lib\site-packages\django\template\loader_tags.py", line 135, in render
    compiled_parent = self.get_parent(context)
  File "C:\Users\fairo\AppData\Local\Programs\Python\Python314\Lib\site-packages\django\template\loader_tags.py", line 132, in get_parent
    return self.find_template(parent, context)
           ~~~~~~~~~~~~~~~~~~^^^^^^^^^^^^^^^^^
  File "C:\Users\fairo\AppData\Local\Programs\Python\Python314\Lib\site-packages\django\template\loader_tags.py", line 110, in find_template
    template, origin = context.template.engine.find_template(
                       ~~~~~~~~~~~~~~~~~~~~~~~~~~~~~~~~~~~~~^
        template_name,
        ^^^^^^^^^^^^^^
        skip=history,
        ^^^^^^^^^^^^^
    )
    ^
  File "C:\Users\fairo\AppData\Local\Programs\Python\Python314\Lib\site-packages\django\template\engine.py", line 159, in find_template
    template = loader.get_template(name, skip=skip)
  File "C:\Users\fairo\AppData\Local\Programs\Python\Python314\Lib\site-packages\django\template\loaders\cached.py", line 57, in get_template
    template = super().get_template(template_name, skip)
  File "C:\Users\fairo\AppData\Local\Programs\Python\Python314\Lib\site-packages\django\template\loaders\base.py", line 28, in get_template
    return Template(
        contents,
    ...<2 lines>...
        self.engine,
    )
  File "C:\Users\fairo\AppData\Local\Programs\Python\Python314\Lib\site-packages\django\template\base.py", line 157, in __init__
    self.nodelist = self.compile_nodelist()
                    ~~~~~~~~~~~~~~~~~~~~~^^
  File "C:\Users\fairo\AppData\Local\Programs\Python\Python314\Lib\site-packages\django\template\base.py", line 199, in compile_nodelist
    nodelist = parser.parse()
  File "C:\Users\fairo\AppData\Local\Programs\Python\Python314\Lib\site-packages\django\template\base.py", line 579, in parse
    self.invalid_block_tag(token, command, parse_until)
    ~~~~~~~~~~~~~~~~~~~~~~^^^^^^^^^^^^^^^^^^^^^^^^^^^^^
  File "C:\Users\fairo\AppData\Local\Programs\Python\Python314\Lib\site-packages\django\template\base.py", line 644, in invalid_block_tag
    raise self.error(
    ...<3 lines>...
    )
django.template.exceptions.TemplateSyntaxError: Template: C:\Users\fairo\Music\Py_feed2_recent\FeedbackFlow\users\templates\users\base.html, Invalid block tag on line 551: 'endif'. Did you forget to register or load this tag?
[2026-05-15 20:45:21,752] ERROR django.server log "GET /feedback/my-feedback/ HTTP/1.1" 500 189297
[2026-05-15 20:45:34,236] INFO django.utils.autoreload autoreload Watching for file changes with StatReloader
[2026-05-15 20:45:39,153] ERROR django.request log Internal Server Error: /feedback/my-feedback/
Traceback (most recent call last):
  File "C:\Users\fairo\AppData\Local\Programs\Python\Python314\Lib\site-packages\django\template\base.py", line 577, in parse
    compile_func = self.tags[command]
                   ~~~~~~~~~^^^^^^^^^
KeyError: 'endif'

During handling of the above exception, another exception occurred:

Traceback (most recent call last):
  File "C:\Users\fairo\AppData\Local\Programs\Python\Python314\Lib\site-packages\django\core\handlers\exception.py", line 55, in inner
    response = get_response(request)
  File "C:\Users\fairo\AppData\Local\Programs\Python\Python314\Lib\site-packages\django\core\handlers\base.py", line 198, in _get_response
    response = wrapped_callback(request, *callback_args, **callback_kwargs)
  File "C:\Users\fairo\AppData\Local\Programs\Python\Python314\Lib\site-packages\django\contrib\auth\decorators.py", line 59, in _view_wrapper
    return view_func(request, *args, **kwargs)
  File "C:\Users\fairo\Music\Py_feed2_recent\FeedbackFlow\feedback\views.py", line 108, in my_feedback
    return render(request, 'feedback/my_feedback.html', context)
  File "C:\Users\fairo\AppData\Local\Programs\Python\Python314\Lib\site-packages\django\shortcuts.py", line 25, in render
    content = loader.render_to_string(template_name, context, request, using=using)
  File "C:\Users\fairo\AppData\Local\Programs\Python\Python314\Lib\site-packages\django\template\loader.py", line 62, in render_to_string
    return template.render(context, request)
           ~~~~~~~~~~~~~~~^^^^^^^^^^^^^^^^^^
  File "C:\Users\fairo\AppData\Local\Programs\Python\Python314\Lib\site-packages\django\template\backends\django.py", line 107, in render
    return self.template.render(context)
           ~~~~~~~~~~~~~~~~~~~~^^^^^^^^^
  File "C:\Users\fairo\AppData\Local\Programs\Python\Python314\Lib\site-packages\django\template\base.py", line 174, in render
    return self._render(context)
           ~~~~~~~~~~~~^^^^^^^^^
  File "C:\Users\fairo\AppData\Local\Programs\Python\Python314\Lib\site-packages\django\template\base.py", line 166, in _render
    return self.nodelist.render(context)
           ~~~~~~~~~~~~~~~~~~~~^^^^^^^^^
  File "C:\Users\fairo\AppData\Local\Programs\Python\Python314\Lib\site-packages\django\template\base.py", line 1091, in render
    return SafeString("".join([node.render_annotated(context) for node in self]))
                               ~~~~~~~~~~~~~~~~~~~~~^^^^^^^^^
  File "C:\Users\fairo\AppData\Local\Programs\Python\Python314\Lib\site-packages\django\template\base.py", line 1052, in render_annotated
    return self.render(context)
           ~~~~~~~~~~~^^^^^^^^^
  File "C:\Users\fairo\AppData\Local\Programs\Python\Python314\Lib\site-packages\django\template\loader_tags.py", line 135, in render
    compiled_parent = self.get_parent(context)
  File "C:\Users\fairo\AppData\Local\Programs\Python\Python314\Lib\site-packages\django\template\loader_tags.py", line 132, in get_parent
    return self.find_template(parent, context)
           ~~~~~~~~~~~~~~~~~~^^^^^^^^^^^^^^^^^
  File "C:\Users\fairo\AppData\Local\Programs\Python\Python314\Lib\site-packages\django\template\loader_tags.py", line 110, in find_template
    template, origin = context.template.engine.find_template(
                       ~~~~~~~~~~~~~~~~~~~~~~~~~~~~~~~~~~~~~^
        template_name,
        ^^^^^^^^^^^^^^
        skip=history,
        ^^^^^^^^^^^^^
    )
    ^
  File "C:\Users\fairo\AppData\Local\Programs\Python\Python314\Lib\site-packages\django\template\engine.py", line 159, in find_template
    template = loader.get_template(name, skip=skip)
  File "C:\Users\fairo\AppData\Local\Programs\Python\Python314\Lib\site-packages\django\template\loaders\cached.py", line 57, in get_template
    template = super().get_template(template_name, skip)
  File "C:\Users\fairo\AppData\Local\Programs\Python\Python314\Lib\site-packages\django\template\loaders\base.py", line 28, in get_template
    return Template(
        contents,
    ...<2 lines>...
        self.engine,
    )
  File "C:\Users\fairo\AppData\Local\Programs\Python\Python314\Lib\site-packages\django\template\base.py", line 157, in __init__
    self.nodelist = self.compile_nodelist()
                    ~~~~~~~~~~~~~~~~~~~~~^^
  File "C:\Users\fairo\AppData\Local\Programs\Python\Python314\Lib\site-packages\django\template\base.py", line 199, in compile_nodelist
    nodelist = parser.parse()
  File "C:\Users\fairo\AppData\Local\Programs\Python\Python314\Lib\site-packages\django\template\base.py", line 579, in parse
    self.invalid_block_tag(token, command, parse_until)
    ~~~~~~~~~~~~~~~~~~~~~~^^^^^^^^^^^^^^^^^^^^^^^^^^^^^
  File "C:\Users\fairo\AppData\Local\Programs\Python\Python314\Lib\site-packages\django\template\base.py", line 644, in invalid_block_tag
    raise self.error(
    ...<3 lines>...
    )
django.template.exceptions.TemplateSyntaxError: Template: C:\Users\fairo\Music\Py_feed2_recent\FeedbackFlow\users\templates\users\base.html, Invalid block tag on line 551: 'endif'. Did you forget to register or load this tag?
[2026-05-15 20:45:39,165] ERROR django.server log "GET /feedback/my-feedback/ HTTP/1.1" 500 189297
[2026-05-15 20:45:51,463] ERROR django.request log Internal Server Error: /hod/dashboard/
Traceback (most recent call last):
  File "C:\Users\fairo\AppData\Local\Programs\Python\Python314\Lib\site-packages\django\template\base.py", line 577, in parse
    compile_func = self.tags[command]
                   ~~~~~~~~~^^^^^^^^^
KeyError: 'endif'

During handling of the above exception, another exception occurred:

Traceback (most recent call last):
  File "C:\Users\fairo\AppData\Local\Programs\Python\Python314\Lib\site-packages\django\core\handlers\exception.py", line 55, in inner
    response = get_response(request)
  File "C:\Users\fairo\AppData\Local\Programs\Python\Python314\Lib\site-packages\django\core\handlers\base.py", line 198, in _get_response
    response = wrapped_callback(request, *callback_args, **callback_kwargs)
  File "C:\Users\fairo\AppData\Local\Programs\Python\Python314\Lib\site-packages\django\contrib\auth\decorators.py", line 59, in _view_wrapper
    return view_func(request, *args, **kwargs)
  File "C:\Users\fairo\Music\Py_feed2_recent\FeedbackFlow\users\views.py", line 346, in hod_dashboard
    return render(request, 'users/hod_dashboard.html', context)
  File "C:\Users\fairo\AppData\Local\Programs\Python\Python314\Lib\site-packages\django\shortcuts.py", line 25, in render
    content = loader.render_to_string(template_name, context, request, using=using)
  File "C:\Users\fairo\AppData\Local\Programs\Python\Python314\Lib\site-packages\django\template\loader.py", line 62, in render_to_string
    return template.render(context, request)
           ~~~~~~~~~~~~~~~^^^^^^^^^^^^^^^^^^
  File "C:\Users\fairo\AppData\Local\Programs\Python\Python314\Lib\site-packages\django\template\backends\django.py", line 107, in render
    return self.template.render(context)
           ~~~~~~~~~~~~~~~~~~~~^^^^^^^^^
  File "C:\Users\fairo\AppData\Local\Programs\Python\Python314\Lib\site-packages\django\template\base.py", line 174, in render
    return self._render(context)
           ~~~~~~~~~~~~^^^^^^^^^
  File "C:\Users\fairo\AppData\Local\Programs\Python\Python314\Lib\site-packages\django\template\base.py", line 166, in _render
    return self.nodelist.render(context)
           ~~~~~~~~~~~~~~~~~~~~^^^^^^^^^
  File "C:\Users\fairo\AppData\Local\Programs\Python\Python314\Lib\site-packages\django\template\base.py", line 1091, in render
    return SafeString("".join([node.render_annotated(context) for node in self]))
                               ~~~~~~~~~~~~~~~~~~~~~^^^^^^^^^
  File "C:\Users\fairo\AppData\Local\Programs\Python\Python314\Lib\site-packages\django\template\base.py", line 1052, in render_annotated
    return self.render(context)
           ~~~~~~~~~~~^^^^^^^^^
  File "C:\Users\fairo\AppData\Local\Programs\Python\Python314\Lib\site-packages\django\template\loader_tags.py", line 160, in render
    return compiled_parent._render(context)
           ~~~~~~~~~~~~~~~~~~~~~~~^^^^^^^^^
  File "C:\Users\fairo\AppData\Local\Programs\Python\Python314\Lib\site-packages\django\template\base.py", line 166, in _render
    return self.nodelist.render(context)
           ~~~~~~~~~~~~~~~~~~~~^^^^^^^^^
  File "C:\Users\fairo\AppData\Local\Programs\Python\Python314\Lib\site-packages\django\template\base.py", line 1091, in render
    return SafeString("".join([node.render_annotated(context) for node in self]))
                               ~~~~~~~~~~~~~~~~~~~~~^^^^^^^^^
  File "C:\Users\fairo\AppData\Local\Programs\Python\Python314\Lib\site-packages\django\template\base.py", line 1052, in render_annotated
    return self.render(context)
           ~~~~~~~~~~~^^^^^^^^^
  File "C:\Users\fairo\AppData\Local\Programs\Python\Python314\Lib\site-packages\django\template\loader_tags.py", line 135, in render
    compiled_parent = self.get_parent(context)
  File "C:\Users\fairo\AppData\Local\Programs\Python\Python314\Lib\site-packages\django\template\loader_tags.py", line 132, in get_parent
    return self.find_template(parent, context)
           ~~~~~~~~~~~~~~~~~~^^^^^^^^^^^^^^^^^
  File "C:\Users\fairo\AppData\Local\Programs\Python\Python314\Lib\site-packages\django\template\loader_tags.py", line 110, in find_template
    template, origin = context.template.engine.find_template(
                       ~~~~~~~~~~~~~~~~~~~~~~~~~~~~~~~~~~~~~^
        template_name,
        ^^^^^^^^^^^^^^
        skip=history,
        ^^^^^^^^^^^^^
    )
    ^
  File "C:\Users\fairo\AppData\Local\Programs\Python\Python314\Lib\site-packages\django\template\engine.py", line 159, in find_template
    template = loader.get_template(name, skip=skip)
  File "C:\Users\fairo\AppData\Local\Programs\Python\Python314\Lib\site-packages\django\template\loaders\cached.py", line 57, in get_template
    template = super().get_template(template_name, skip)
  File "C:\Users\fairo\AppData\Local\Programs\Python\Python314\Lib\site-packages\django\template\loaders\base.py", line 28, in get_template
    return Template(
        contents,
    ...<2 lines>...
        self.engine,
    )
  File "C:\Users\fairo\AppData\Local\Programs\Python\Python314\Lib\site-packages\django\template\base.py", line 157, in __init__
    self.nodelist = self.compile_nodelist()
                    ~~~~~~~~~~~~~~~~~~~~~^^
  File "C:\Users\fairo\AppData\Local\Programs\Python\Python314\Lib\site-packages\django\template\base.py", line 199, in compile_nodelist
    nodelist = parser.parse()
  File "C:\Users\fairo\AppData\Local\Programs\Python\Python314\Lib\site-packages\django\template\base.py", line 579, in parse
    self.invalid_block_tag(token, command, parse_until)
    ~~~~~~~~~~~~~~~~~~~~~~^^^^^^^^^^^^^^^^^^^^^^^^^^^^^
  File "C:\Users\fairo\AppData\Local\Programs\Python\Python314\Lib\site-packages\django\template\base.py", line 644, in invalid_block_tag
    raise self.error(
    ...<3 lines>...
    )
django.template.exceptions.TemplateSyntaxError: Template: C:\Users\fairo\Music\Py_feed2_recent\FeedbackFlow\users\templates\users\base.html, Invalid block tag on line 551: 'endif'. Did you forget to register or load this tag?
[2026-05-15 20:45:51,474] ERROR django.server log "GET /hod/dashboard/ HTTP/1.1" 500 216015
[2026-05-15 20:45:53,728] ERROR django.request log Internal Server Error: /dashboard/feedback-reports/
Traceback (most recent call last):
  File "C:\Users\fairo\AppData\Local\Programs\Python\Python314\Lib\site-packages\django\template\base.py", line 577, in parse
    compile_func = self.tags[command]
                   ~~~~~~~~~^^^^^^^^^
KeyError: 'endif'

During handling of the above exception, another exception occurred:

Traceback (most recent call last):
  File "C:\Users\fairo\AppData\Local\Programs\Python\Python314\Lib\site-packages\django\core\handlers\exception.py", line 55, in inner
    response = get_response(request)
  File "C:\Users\fairo\AppData\Local\Programs\Python\Python314\Lib\site-packages\django\core\handlers\base.py", line 198, in _get_response
    response = wrapped_callback(request, *callback_args, **callback_kwargs)
  File "C:\Users\fairo\AppData\Local\Programs\Python\Python314\Lib\site-packages\django\contrib\auth\decorators.py", line 59, in _view_wrapper
    return view_func(request, *args, **kwargs)
  File "C:\Users\fairo\Music\Py_feed2_recent\FeedbackFlow\users\views.py", line 610, in feedback_reports
    return render(request, 'users/feedback_reports.html', context)
  File "C:\Users\fairo\AppData\Local\Programs\Python\Python314\Lib\site-packages\django\shortcuts.py", line 25, in render
    content = loader.render_to_string(template_name, context, request, using=using)
  File "C:\Users\fairo\AppData\Local\Programs\Python\Python314\Lib\site-packages\django\template\loader.py", line 62, in render_to_string
    return template.render(context, request)
           ~~~~~~~~~~~~~~~^^^^^^^^^^^^^^^^^^
  File "C:\Users\fairo\AppData\Local\Programs\Python\Python314\Lib\site-packages\django\template\backends\django.py", line 107, in render
    return self.template.render(context)
           ~~~~~~~~~~~~~~~~~~~~^^^^^^^^^
  File "C:\Users\fairo\AppData\Local\Programs\Python\Python314\Lib\site-packages\django\template\base.py", line 174, in render
    return self._render(context)
           ~~~~~~~~~~~~^^^^^^^^^
  File "C:\Users\fairo\AppData\Local\Programs\Python\Python314\Lib\site-packages\django\template\base.py", line 166, in _render
    return self.nodelist.render(context)
           ~~~~~~~~~~~~~~~~~~~~^^^^^^^^^
  File "C:\Users\fairo\AppData\Local\Programs\Python\Python314\Lib\site-packages\django\template\base.py", line 1091, in render
    return SafeString("".join([node.render_annotated(context) for node in self]))
                               ~~~~~~~~~~~~~~~~~~~~~^^^^^^^^^
  File "C:\Users\fairo\AppData\Local\Programs\Python\Python314\Lib\site-packages\django\template\base.py", line 1052, in render_annotated
    return self.render(context)
           ~~~~~~~~~~~^^^^^^^^^
  File "C:\Users\fairo\AppData\Local\Programs\Python\Python314\Lib\site-packages\django\template\loader_tags.py", line 160, in render
    return compiled_parent._render(context)
           ~~~~~~~~~~~~~~~~~~~~~~~^^^^^^^^^
  File "C:\Users\fairo\AppData\Local\Programs\Python\Python314\Lib\site-packages\django\template\base.py", line 166, in _render
    return self.nodelist.render(context)
           ~~~~~~~~~~~~~~~~~~~~^^^^^^^^^
  File "C:\Users\fairo\AppData\Local\Programs\Python\Python314\Lib\site-packages\django\template\base.py", line 1091, in render
    return SafeString("".join([node.render_annotated(context) for node in self]))
                               ~~~~~~~~~~~~~~~~~~~~~^^^^^^^^^
  File "C:\Users\fairo\AppData\Local\Programs\Python\Python314\Lib\site-packages\django\template\base.py", line 1052, in render_annotated
    return self.render(context)
           ~~~~~~~~~~~^^^^^^^^^
  File "C:\Users\fairo\AppData\Local\Programs\Python\Python314\Lib\site-packages\django\template\loader_tags.py", line 135, in render
    compiled_parent = self.get_parent(context)
  File "C:\Users\fairo\AppData\Local\Programs\Python\Python314\Lib\site-packages\django\template\loader_tags.py", line 132, in get_parent
    return self.find_template(parent, context)
           ~~~~~~~~~~~~~~~~~~^^^^^^^^^^^^^^^^^
  File "C:\Users\fairo\AppData\Local\Programs\Python\Python314\Lib\site-packages\django\template\loader_tags.py", line 110, in find_template
    template, origin = context.template.engine.find_template(
                       ~~~~~~~~~~~~~~~~~~~~~~~~~~~~~~~~~~~~~^
        template_name,
        ^^^^^^^^^^^^^^
        skip=history,
        ^^^^^^^^^^^^^
    )
    ^
  File "C:\Users\fairo\AppData\Local\Programs\Python\Python314\Lib\site-packages\django\template\engine.py", line 159, in find_template
    template = loader.get_template(name, skip=skip)
  File "C:\Users\fairo\AppData\Local\Programs\Python\Python314\Lib\site-packages\django\template\loaders\cached.py", line 57, in get_template
    template = super().get_template(template_name, skip)
  File "C:\Users\fairo\AppData\Local\Programs\Python\Python314\Lib\site-packages\django\template\loaders\base.py", line 28, in get_template
    return Template(
        contents,
    ...<2 lines>...
        self.engine,
    )
  File "C:\Users\fairo\AppData\Local\Programs\Python\Python314\Lib\site-packages\django\template\base.py", line 157, in __init__
    self.nodelist = self.compile_nodelist()
                    ~~~~~~~~~~~~~~~~~~~~~^^
  File "C:\Users\fairo\AppData\Local\Programs\Python\Python314\Lib\site-packages\django\template\base.py", line 199, in compile_nodelist
    nodelist = parser.parse()
  File "C:\Users\fairo\AppData\Local\Programs\Python\Python314\Lib\site-packages\django\template\base.py", line 579, in parse
    self.invalid_block_tag(token, command, parse_until)
    ~~~~~~~~~~~~~~~~~~~~~~^^^^^^^^^^^^^^^^^^^^^^^^^^^^^
  File "C:\Users\fairo\AppData\Local\Programs\Python\Python314\Lib\site-packages\django\template\base.py", line 644, in invalid_block_tag
    raise self.error(
    ...<3 lines>...
    )
django.template.exceptions.TemplateSyntaxError: Template: C:\Users\fairo\Music\Py_feed2_recent\FeedbackFlow\users\templates\users\base.html, Invalid block tag on line 551: 'endif'. Did you forget to register or load this tag?
[2026-05-15 20:45:53,734] ERROR django.server log "GET /dashboard/feedback-reports/ HTTP/1.1" 500 299831
[2026-05-15 20:46:05,154] ERROR django.request log Internal Server Error: /dashboard/admin/
Traceback (most recent call last):
  File "C:\Users\fairo\AppData\Local\Programs\Python\Python314\Lib\site-packages\django\template\base.py", line 577, in parse
    compile_func = self.tags[command]
                   ~~~~~~~~~^^^^^^^^^
KeyError: 'endif'

During handling of the above exception, another exception occurred:

Traceback (most recent call last):
  File "C:\Users\fairo\AppData\Local\Programs\Python\Python314\Lib\site-packages\django\core\handlers\exception.py", line 55, in inner
    response = get_response(request)
  File "C:\Users\fairo\AppData\Local\Programs\Python\Python314\Lib\site-packages\django\core\handlers\base.py", line 198, in _get_response
    response = wrapped_callback(request, *callback_args, **callback_kwargs)
  File "C:\Users\fairo\AppData\Local\Programs\Python\Python314\Lib\site-packages\django\contrib\auth\decorators.py", line 59, in _view_wrapper
    return view_func(request, *args, **kwargs)
  File "C:\Users\fairo\Music\Py_feed2_recent\FeedbackFlow\users\views.py", line 407, in admin_dashboard
    return render(request, 'users/admin_dashboard.html', context)
  File "C:\Users\fairo\AppData\Local\Programs\Python\Python314\Lib\site-packages\django\shortcuts.py", line 25, in render
    content = loader.render_to_string(template_name, context, request, using=using)
  File "C:\Users\fairo\AppData\Local\Programs\Python\Python314\Lib\site-packages\django\template\loader.py", line 62, in render_to_string
    return template.render(context, request)
           ~~~~~~~~~~~~~~~^^^^^^^^^^^^^^^^^^
  File "C:\Users\fairo\AppData\Local\Programs\Python\Python314\Lib\site-packages\django\template\backends\django.py", line 107, in render
    return self.template.render(context)
           ~~~~~~~~~~~~~~~~~~~~^^^^^^^^^
  File "C:\Users\fairo\AppData\Local\Programs\Python\Python314\Lib\site-packages\django\template\base.py", line 174, in render
    return self._render(context)
           ~~~~~~~~~~~~^^^^^^^^^
  File "C:\Users\fairo\AppData\Local\Programs\Python\Python314\Lib\site-packages\django\template\base.py", line 166, in _render
    return self.nodelist.render(context)
           ~~~~~~~~~~~~~~~~~~~~^^^^^^^^^
  File "C:\Users\fairo\AppData\Local\Programs\Python\Python314\Lib\site-packages\django\template\base.py", line 1091, in render
    return SafeString("".join([node.render_annotated(context) for node in self]))
                               ~~~~~~~~~~~~~~~~~~~~~^^^^^^^^^
  File "C:\Users\fairo\AppData\Local\Programs\Python\Python314\Lib\site-packages\django\template\base.py", line 1052, in render_annotated
    return self.render(context)
           ~~~~~~~~~~~^^^^^^^^^
  File "C:\Users\fairo\AppData\Local\Programs\Python\Python314\Lib\site-packages\django\template\loader_tags.py", line 160, in render
    return compiled_parent._render(context)
           ~~~~~~~~~~~~~~~~~~~~~~~^^^^^^^^^
  File "C:\Users\fairo\AppData\Local\Programs\Python\Python314\Lib\site-packages\django\template\base.py", line 166, in _render
    return self.nodelist.render(context)
           ~~~~~~~~~~~~~~~~~~~~^^^^^^^^^
  File "C:\Users\fairo\AppData\Local\Programs\Python\Python314\Lib\site-packages\django\template\base.py", line 1091, in render
    return SafeString("".join([node.render_annotated(context) for node in self]))
                               ~~~~~~~~~~~~~~~~~~~~~^^^^^^^^^
  File "C:\Users\fairo\AppData\Local\Programs\Python\Python314\Lib\site-packages\django\template\base.py", line 1052, in render_annotated
    return self.render(context)
           ~~~~~~~~~~~^^^^^^^^^
  File "C:\Users\fairo\AppData\Local\Programs\Python\Python314\Lib\site-packages\django\template\loader_tags.py", line 135, in render
    compiled_parent = self.get_parent(context)
  File "C:\Users\fairo\AppData\Local\Programs\Python\Python314\Lib\site-packages\django\template\loader_tags.py", line 132, in get_parent
    return self.find_template(parent, context)
           ~~~~~~~~~~~~~~~~~~^^^^^^^^^^^^^^^^^
  File "C:\Users\fairo\AppData\Local\Programs\Python\Python314\Lib\site-packages\django\template\loader_tags.py", line 110, in find_template
    template, origin = context.template.engine.find_template(
                       ~~~~~~~~~~~~~~~~~~~~~~~~~~~~~~~~~~~~~^
        template_name,
        ^^^^^^^^^^^^^^
        skip=history,
        ^^^^^^^^^^^^^
    )
    ^
  File "C:\Users\fairo\AppData\Local\Programs\Python\Python314\Lib\site-packages\django\template\engine.py", line 159, in find_template
    template = loader.get_template(name, skip=skip)
  File "C:\Users\fairo\AppData\Local\Programs\Python\Python314\Lib\site-packages\django\template\loaders\cached.py", line 57, in get_template
    template = super().get_template(template_name, skip)
  File "C:\Users\fairo\AppData\Local\Programs\Python\Python314\Lib\site-packages\django\template\loaders\base.py", line 28, in get_template
    return Template(
        contents,
    ...<2 lines>...
        self.engine,
    )
  File "C:\Users\fairo\AppData\Local\Programs\Python\Python314\Lib\site-packages\django\template\base.py", line 157, in __init__
    self.nodelist = self.compile_nodelist()
                    ~~~~~~~~~~~~~~~~~~~~~^^
  File "C:\Users\fairo\AppData\Local\Programs\Python\Python314\Lib\site-packages\django\template\base.py", line 199, in compile_nodelist
    nodelist = parser.parse()
  File "C:\Users\fairo\AppData\Local\Programs\Python\Python314\Lib\site-packages\django\template\base.py", line 579, in parse
    self.invalid_block_tag(token, command, parse_until)
    ~~~~~~~~~~~~~~~~~~~~~~^^^^^^^^^^^^^^^^^^^^^^^^^^^^^
  File "C:\Users\fairo\AppData\Local\Programs\Python\Python314\Lib\site-packages\django\template\base.py", line 644, in invalid_block_tag
    raise self.error(
    ...<3 lines>...
    )
django.template.exceptions.TemplateSyntaxError: Template: C:\Users\fairo\Music\Py_feed2_recent\FeedbackFlow\users\templates\users\base.html, Invalid block tag on line 551: 'endif'. Did you forget to register or load this tag?
[2026-05-15 20:46:05,164] ERROR django.server log "GET /dashboard/admin/ HTTP/1.1" 500 231109
[2026-05-15 20:46:11,589] ERROR django.request log Internal Server Error: /faculty/dashboard/
Traceback (most recent call last):
  File "C:\Users\fairo\AppData\Local\Programs\Python\Python314\Lib\site-packages\django\template\base.py", line 577, in parse
    compile_func = self.tags[command]
                   ~~~~~~~~~^^^^^^^^^
KeyError: 'endif'

During handling of the above exception, another exception occurred:

Traceback (most recent call last):
  File "C:\Users\fairo\AppData\Local\Programs\Python\Python314\Lib\site-packages\django\core\handlers\exception.py", line 55, in inner
    response = get_response(request)
  File "C:\Users\fairo\AppData\Local\Programs\Python\Python314\Lib\site-packages\django\core\handlers\base.py", line 198, in _get_response
    response = wrapped_callback(request, *callback_args, **callback_kwargs)
  File "C:\Users\fairo\AppData\Local\Programs\Python\Python314\Lib\site-packages\django\contrib\auth\decorators.py", line 59, in _view_wrapper
    return view_func(request, *args, **kwargs)
  File "C:\Users\fairo\Music\Py_feed2_recent\FeedbackFlow\users\views.py", line 318, in faculty_dashboard
    return render(request, 'users/faculty_dashboard.html', context)
  File "C:\Users\fairo\AppData\Local\Programs\Python\Python314\Lib\site-packages\django\shortcuts.py", line 25, in render
    content = loader.render_to_string(template_name, context, request, using=using)
  File "C:\Users\fairo\AppData\Local\Programs\Python\Python314\Lib\site-packages\django\template\loader.py", line 62, in render_to_string
    return template.render(context, request)
           ~~~~~~~~~~~~~~~^^^^^^^^^^^^^^^^^^
  File "C:\Users\fairo\AppData\Local\Programs\Python\Python314\Lib\site-packages\django\template\backends\django.py", line 107, in render
    return self.template.render(context)
           ~~~~~~~~~~~~~~~~~~~~^^^^^^^^^
  File "C:\Users\fairo\AppData\Local\Programs\Python\Python314\Lib\site-packages\django\template\base.py", line 174, in render
    return self._render(context)
           ~~~~~~~~~~~~^^^^^^^^^
  File "C:\Users\fairo\AppData\Local\Programs\Python\Python314\Lib\site-packages\django\template\base.py", line 166, in _render
    return self.nodelist.render(context)
           ~~~~~~~~~~~~~~~~~~~~^^^^^^^^^
  File "C:\Users\fairo\AppData\Local\Programs\Python\Python314\Lib\site-packages\django\template\base.py", line 1091, in render
    return SafeString("".join([node.render_annotated(context) for node in self]))
                               ~~~~~~~~~~~~~~~~~~~~~^^^^^^^^^
  File "C:\Users\fairo\AppData\Local\Programs\Python\Python314\Lib\site-packages\django\template\base.py", line 1052, in render_annotated
    return self.render(context)
           ~~~~~~~~~~~^^^^^^^^^
  File "C:\Users\fairo\AppData\Local\Programs\Python\Python314\Lib\site-packages\django\template\loader_tags.py", line 160, in render
    return compiled_parent._render(context)
           ~~~~~~~~~~~~~~~~~~~~~~~^^^^^^^^^
  File "C:\Users\fairo\AppData\Local\Programs\Python\Python314\Lib\site-packages\django\template\base.py", line 166, in _render
    return self.nodelist.render(context)
           ~~~~~~~~~~~~~~~~~~~~^^^^^^^^^
  File "C:\Users\fairo\AppData\Local\Programs\Python\Python314\Lib\site-packages\django\template\base.py", line 1091, in render
    return SafeString("".join([node.render_annotated(context) for node in self]))
                               ~~~~~~~~~~~~~~~~~~~~~^^^^^^^^^
  File "C:\Users\fairo\AppData\Local\Programs\Python\Python314\Lib\site-packages\django\template\base.py", line 1052, in render_annotated
    return self.render(context)
           ~~~~~~~~~~~^^^^^^^^^
  File "C:\Users\fairo\AppData\Local\Programs\Python\Python314\Lib\site-packages\django\template\loader_tags.py", line 135, in render
    compiled_parent = self.get_parent(context)
  File "C:\Users\fairo\AppData\Local\Programs\Python\Python314\Lib\site-packages\django\template\loader_tags.py", line 132, in get_parent
    return self.find_template(parent, context)
           ~~~~~~~~~~~~~~~~~~^^^^^^^^^^^^^^^^^
  File "C:\Users\fairo\AppData\Local\Programs\Python\Python314\Lib\site-packages\django\template\loader_tags.py", line 110, in find_template
    template, origin = context.template.engine.find_template(
                       ~~~~~~~~~~~~~~~~~~~~~~~~~~~~~~~~~~~~~^
        template_name,
        ^^^^^^^^^^^^^^
        skip=history,
        ^^^^^^^^^^^^^
    )
    ^
  File "C:\Users\fairo\AppData\Local\Programs\Python\Python314\Lib\site-packages\django\template\engine.py", line 159, in find_template
    template = loader.get_template(name, skip=skip)
  File "C:\Users\fairo\AppData\Local\Programs\Python\Python314\Lib\site-packages\django\template\loaders\cached.py", line 57, in get_template
    template = super().get_template(template_name, skip)
  File "C:\Users\fairo\AppData\Local\Programs\Python\Python314\Lib\site-packages\django\template\loaders\base.py", line 28, in get_template
    return Template(
        contents,
    ...<2 lines>...
        self.engine,
    )
  File "C:\Users\fairo\AppData\Local\Programs\Python\Python314\Lib\site-packages\django\template\base.py", line 157, in __init__
    self.nodelist = self.compile_nodelist()
                    ~~~~~~~~~~~~~~~~~~~~~^^
  File "C:\Users\fairo\AppData\Local\Programs\Python\Python314\Lib\site-packages\django\template\base.py", line 199, in compile_nodelist
    nodelist = parser.parse()
  File "C:\Users\fairo\AppData\Local\Programs\Python\Python314\Lib\site-packages\django\template\base.py", line 579, in parse
    self.invalid_block_tag(token, command, parse_until)
    ~~~~~~~~~~~~~~~~~~~~~~^^^^^^^^^^^^^^^^^^^^^^^^^^^^^
  File "C:\Users\fairo\AppData\Local\Programs\Python\Python314\Lib\site-packages\django\template\base.py", line 644, in invalid_block_tag
    raise self.error(
    ...<3 lines>...
    )
django.template.exceptions.TemplateSyntaxError: Template: C:\Users\fairo\Music\Py_feed2_recent\FeedbackFlow\users\templates\users\base.html, Invalid block tag on line 551: 'endif'. Did you forget to register or load this tag?
[2026-05-15 20:46:11,595] ERROR django.server log "GET /faculty/dashboard/ HTTP/1.1" 500 217796
[2026-05-15 20:46:40,493] INFO django.utils.autoreload autoreload Watching for file changes with StatReloader
[2026-05-15 20:46:44,213] INFO django.server log "GET / HTTP/1.1" 302 0
[2026-05-15 20:46:44,459] ERROR django.request log Internal Server Error: /hod/dashboard/
Traceback (most recent call last):
  File "C:\Users\fairo\AppData\Local\Programs\Python\Python314\Lib\site-packages\django\template\base.py", line 577, in parse
    compile_func = self.tags[command]
                   ~~~~~~~~~^^^^^^^^^
KeyError: 'endif'

During handling of the above exception, another exception occurred:

Traceback (most recent call last):
  File "C:\Users\fairo\AppData\Local\Programs\Python\Python314\Lib\site-packages\django\core\handlers\exception.py", line 55, in inner
    response = get_response(request)
  File "C:\Users\fairo\AppData\Local\Programs\Python\Python314\Lib\site-packages\django\core\handlers\base.py", line 198, in _get_response
    response = wrapped_callback(request, *callback_args, **callback_kwargs)
  File "C:\Users\fairo\AppData\Local\Programs\Python\Python314\Lib\site-packages\django\contrib\auth\decorators.py", line 59, in _view_wrapper
    return view_func(request, *args, **kwargs)
  File "C:\Users\fairo\Music\Py_feed2_recent\FeedbackFlow\users\views.py", line 346, in hod_dashboard
    return render(request, 'users/hod_dashboard.html', context)
  File "C:\Users\fairo\AppData\Local\Programs\Python\Python314\Lib\site-packages\django\shortcuts.py", line 25, in render
    content = loader.render_to_string(template_name, context, request, using=using)
  File "C:\Users\fairo\AppData\Local\Programs\Python\Python314\Lib\site-packages\django\template\loader.py", line 62, in render_to_string
    return template.render(context, request)
           ~~~~~~~~~~~~~~~^^^^^^^^^^^^^^^^^^
  File "C:\Users\fairo\AppData\Local\Programs\Python\Python314\Lib\site-packages\django\template\backends\django.py", line 107, in render
    return self.template.render(context)
           ~~~~~~~~~~~~~~~~~~~~^^^^^^^^^
  File "C:\Users\fairo\AppData\Local\Programs\Python\Python314\Lib\site-packages\django\template\base.py", line 174, in render
    return self._render(context)
           ~~~~~~~~~~~~^^^^^^^^^
  File "C:\Users\fairo\AppData\Local\Programs\Python\Python314\Lib\site-packages\django\template\base.py", line 166, in _render
    return self.nodelist.render(context)
           ~~~~~~~~~~~~~~~~~~~~^^^^^^^^^
  File "C:\Users\fairo\AppData\Local\Programs\Python\Python314\Lib\site-packages\django\template\base.py", line 1091, in render
    return SafeString("".join([node.render_annotated(context) for node in self]))
                               ~~~~~~~~~~~~~~~~~~~~~^^^^^^^^^
  File "C:\Users\fairo\AppData\Local\Programs\Python\Python314\Lib\site-packages\django\template\base.py", line 1052, in render_annotated
    return self.render(context)
           ~~~~~~~~~~~^^^^^^^^^
  File "C:\Users\fairo\AppData\Local\Programs\Python\Python314\Lib\site-packages\django\template\loader_tags.py", line 160, in render
    return compiled_parent._render(context)
           ~~~~~~~~~~~~~~~~~~~~~~~^^^^^^^^^
  File "C:\Users\fairo\AppData\Local\Programs\Python\Python314\Lib\site-packages\django\template\base.py", line 166, in _render
    return self.nodelist.render(context)
           ~~~~~~~~~~~~~~~~~~~~^^^^^^^^^
  File "C:\Users\fairo\AppData\Local\Programs\Python\Python314\Lib\site-packages\django\template\base.py", line 1091, in render
    return SafeString("".join([node.render_annotated(context) for node in self]))
                               ~~~~~~~~~~~~~~~~~~~~~^^^^^^^^^
  File "C:\Users\fairo\AppData\Local\Programs\Python\Python314\Lib\site-packages\django\template\base.py", line 1052, in render_annotated
    return self.render(context)
           ~~~~~~~~~~~^^^^^^^^^
  File "C:\Users\fairo\AppData\Local\Programs\Python\Python314\Lib\site-packages\django\template\loader_tags.py", line 135, in render
    compiled_parent = self.get_parent(context)
  File "C:\Users\fairo\AppData\Local\Programs\Python\Python314\Lib\site-packages\django\template\loader_tags.py", line 132, in get_parent
    return self.find_template(parent, context)
           ~~~~~~~~~~~~~~~~~~^^^^^^^^^^^^^^^^^
  File "C:\Users\fairo\AppData\Local\Programs\Python\Python314\Lib\site-packages\django\template\loader_tags.py", line 110, in find_template
    template, origin = context.template.engine.find_template(
                       ~~~~~~~~~~~~~~~~~~~~~~~~~~~~~~~~~~~~~^
        template_name,
        ^^^^^^^^^^^^^^
        skip=history,
        ^^^^^^^^^^^^^
    )
    ^
  File "C:\Users\fairo\AppData\Local\Programs\Python\Python314\Lib\site-packages\django\template\engine.py", line 159, in find_template
    template = loader.get_template(name, skip=skip)
  File "C:\Users\fairo\AppData\Local\Programs\Python\Python314\Lib\site-packages\django\template\loaders\cached.py", line 57, in get_template
    template = super().get_template(template_name, skip)
  File "C:\Users\fairo\AppData\Local\Programs\Python\Python314\Lib\site-packages\django\template\loaders\base.py", line 28, in get_template
    return Template(
        contents,
    ...<2 lines>...
        self.engine,
    )
  File "C:\Users\fairo\AppData\Local\Programs\Python\Python314\Lib\site-packages\django\template\base.py", line 157, in __init__
    self.nodelist = self.compile_nodelist()
                    ~~~~~~~~~~~~~~~~~~~~~^^
  File "C:\Users\fairo\AppData\Local\Programs\Python\Python314\Lib\site-packages\django\template\base.py", line 199, in compile_nodelist
    nodelist = parser.parse()
  File "C:\Users\fairo\AppData\Local\Programs\Python\Python314\Lib\site-packages\django\template\base.py", line 579, in parse
    self.invalid_block_tag(token, command, parse_until)
    ~~~~~~~~~~~~~~~~~~~~~~^^^^^^^^^^^^^^^^^^^^^^^^^^^^^
  File "C:\Users\fairo\AppData\Local\Programs\Python\Python314\Lib\site-packages\django\template\base.py", line 644, in invalid_block_tag
    raise self.error(
    ...<3 lines>...
    )
django.template.exceptions.TemplateSyntaxError: Template: C:\Users\fairo\Music\Py_feed2_recent\FeedbackFlow\users\templates\users\base.html, Invalid block tag on line 551: 'endif'. Did you forget to register or load this tag?
[2026-05-15 20:46:44,471] ERROR django.server log "GET /hod/dashboard/ HTTP/1.1" 500 215686
[2026-05-15 20:49:24,282] INFO django.utils.autoreload autoreload Watching for file changes with StatReloader
[2026-05-15 20:49:27,928] INFO django.server log "GET / HTTP/1.1" 302 0
[2026-05-15 20:49:28,139] INFO django.server log "GET /hod/dashboard/ HTTP/1.1" 200 38645
[2026-05-15 20:49:45,016] INFO django.server log "GET /hod/dashboard/ HTTP/1.1" 200 38645
[2026-05-15 20:49:52,130] INFO django.server log "GET / HTTP/1.1" 200 37260
[2026-05-15 20:49:54,257] INFO django.server log "GET /login/ HTTP/1.1" 200 18741
[2026-05-15 20:50:13,477] INFO django.server log "POST /login/ HTTP/1.1" 302 0
[2026-05-15 20:50:13,585] INFO django.server log "GET /student/dashboard/ HTTP/1.1" 200 42591
[2026-05-15 20:58:00,600] INFO django.server log "GET / HTTP/1.1" 302 0
[2026-05-15 20:58:00,859] INFO django.server log "GET /faculty/dashboard/ HTTP/1.1" 200 37065
[2026-05-15 20:58:08,030] INFO django.server log "GET /faculty/dashboard/ HTTP/1.1" 200 37065
[2026-05-15 20:58:14,325] INFO django.server log "GET / HTTP/1.1" 200 37260
[2026-05-15 20:58:17,302] INFO django.server log "GET /login/ HTTP/1.1" 200 18741
[2026-05-15 20:58:31,526] INFO django.server log "POST /login/ HTTP/1.1" 302 0
[2026-05-15 20:58:31,663] INFO django.server log "GET /dashboard/admin/ HTTP/1.1" 200 44644
[2026-05-15 20:58:42,194] INFO django.server log "GET /admin/feedback/feedbackperiod/ HTTP/1.1" 200 16335
[2026-05-15 20:58:42,664] INFO django.server log "GET /static/admin/css/base.css HTTP/1.1" 200 23100
[2026-05-15 20:58:42,669] INFO django.server log "GET /static/admin/css/changelists.css HTTP/1.1" 200 7498
[2026-05-15 20:58:42,671] INFO django.server log "GET /static/admin/css/forms.css HTTP/1.1" 200 8831
[2026-05-15 20:58:42,707] INFO django.server log "GET /static/admin/css/dark_mode.css HTTP/1.1" 200 3538
[2026-05-15 20:58:42,726] INFO django.server log "GET /static/admin/css/responsive.css HTTP/1.1" 200 16273
[2026-05-15 20:58:42,743] INFO django.server log "GET /static/admin/css/nav_sidebar.css HTTP/1.1" 200 2810
[2026-05-15 20:58:42,806] INFO django.server log "GET /static/admin/js/theme.js HTTP/1.1" 200 1653
[2026-05-15 20:58:42,810] INFO django.server log "GET /admin/jsi18n/ HTTP/1.1" 200 3342
[2026-05-15 20:58:42,816] INFO django.server log "GET /static/admin/js/jquery.init.js HTTP/1.1" 200 347
[2026-05-15 20:58:42,832] INFO django.server log "GET /static/admin/js/core.js HTTP/1.1" 200 6208
[2026-05-15 20:58:42,869] INFO django.server log "GET /static/admin/css/widgets.css HTTP/1.1" 200 11811
[2026-05-15 20:58:42,895] INFO django.server log "GET /static/admin/js/prepopulate.js HTTP/1.1" 200 1531
[2026-05-15 20:58:42,903] INFO django.server log "GET /static/admin/js/vendor/jquery/jquery.js HTTP/1.1" 200 285314
[2026-05-15 20:58:42,925] INFO django.server log "GET /static/admin/js/admin/RelatedObjectLookups.js HTTP/1.1" 200 9777
[2026-05-15 20:58:42,947] INFO django.server log "GET /static/admin/js/actions.js HTTP/1.1" 200 8076
[2026-05-15 20:58:42,971] INFO django.server log "GET /static/admin/js/urlify.js HTTP/1.1" 200 7887
[2026-05-15 20:58:42,976] INFO django.server log "GET /static/admin/img/search.svg HTTP/1.1" 200 607
[2026-05-15 20:58:43,029] INFO django.server log "GET /static/admin/js/nav_sidebar.js HTTP/1.1" 200 3063
[2026-05-15 20:58:43,092] INFO django.server log "GET /static/admin/js/filters.js HTTP/1.1" 200 978
[2026-05-15 20:58:43,218] INFO django.server log "GET /static/admin/js/vendor/xregexp/xregexp.js HTTP/1.1" 200 325171
[2026-05-15 20:58:43,298] INFO django.server log "GET /static/admin/img/icon-viewlink.svg HTTP/1.1" 200 928
[2026-05-15 20:58:43,299] INFO django.server log "GET /static/admin/img/tooltag-add.svg HTTP/1.1" 200 593
[2026-05-15 20:58:43,299] INFO django.server log "GET /static/admin/img/icon-addlink.svg HTTP/1.1" 200 593
[2026-05-15 20:58:46,115] INFO django.server log "GET /admin/feedback/feedbackperiod/add/ HTTP/1.1" 200 18809
[2026-05-15 20:58:46,164] INFO django.server log "GET /admin/jsi18n/ HTTP/1.1" 200 3342
[2026-05-15 20:58:46,188] INFO django.server log "GET /static/admin/js/prepopulate_init.js HTTP/1.1" 200 586
[2026-05-15 20:58:46,200] INFO django.server log "GET /static/admin/js/calendar.js HTTP/1.1" 200 9159
[2026-05-15 20:58:46,201] INFO django.server log "GET /static/admin/js/admin/DateTimeShortcuts.js HTTP/1.1" 200 19698
[2026-05-15 20:58:46,239] INFO django.server log "GET /static/admin/js/change_form.js HTTP/1.1" 200 606
[2026-05-15 20:58:46,312] INFO django.server log "GET /static/admin/img/icon-calendar.svg HTTP/1.1" 200 1112
[2026-05-15 21:05:35,822] INFO django.server log "GET /static/admin/img/calendar-icons.svg HTTP/1.1" 200 1320
[2026-05-15 21:06:06,773] INFO django.server log "POST /admin/feedback/feedbackperiod/add/ HTTP/1.1" 302 0
[2026-05-15 21:06:06,920] INFO django.server log "GET /admin/feedback/feedbackperiod/ HTTP/1.1" 200 19670
[2026-05-15 21:06:07,087] INFO django.server log "GET /admin/jsi18n/ HTTP/1.1" 200 3342
[2026-05-15 21:06:07,186] INFO django.server log "GET /static/admin/img/icon-yes.svg HTTP/1.1" 200 558
[2026-05-15 21:06:07,191] INFO django.server log "GET /static/admin/img/sorting-icons.svg HTTP/1.1" 200 1761
[2026-05-15 21:06:14,253] INFO django.server log "GET /admin/users/announcement/add/ HTTP/1.1" 200 28341
[2026-05-15 21:06:14,309] INFO django.server log "GET /admin/jsi18n/ HTTP/1.1" 200 3342
[2026-05-15 21:06:14,329] INFO django.server log "GET /static/admin/img/icon-changelink.svg HTTP/1.1" 200 978
[2026-05-15 21:06:14,436] INFO django.server log "GET /static/admin/img/icon-clock.svg HTTP/1.1" 200 805
[2026-05-15 21:08:35,058] INFO django.server log "POST /admin/users/announcement/add/ HTTP/1.1" 302 0
[2026-05-15 21:08:35,307] INFO django.server log "GET /admin/users/announcement/ HTTP/1.1" 200 19410
[2026-05-15 21:08:35,636] INFO django.server log "GET /admin/jsi18n/ HTTP/1.1" 200 3342
[2026-05-15 21:08:47,023] INFO django.server log "GET /admin/feedback/courseregistration/add/ HTTP/1.1" 200 31284
[2026-05-15 21:08:47,099] INFO django.server log "GET /admin/jsi18n/ HTTP/1.1" 200 3342
[2026-05-15 21:11:40,234] INFO django.server log "POST /admin/feedback/courseregistration/add/ HTTP/1.1" 302 0
[2026-05-15 21:11:40,508] INFO django.server log "GET /admin/feedback/courseregistration/ HTTP/1.1" 200 73375
[2026-05-15 21:11:40,668] INFO django.server log "GET /admin/jsi18n/ HTTP/1.1" 200 3342
[2026-05-15 21:11:40,747] INFO django.server log "GET /static/admin/img/icon-no.svg HTTP/1.1" 200 645
[2026-05-15 21:12:01,275] INFO django.server log "GET /admin/feedback/courseregistration/add/ HTTP/1.1" 200 31284
[2026-05-15 21:12:01,364] INFO django.server log "GET /admin/jsi18n/ HTTP/1.1" 200 3342
[2026-05-15 21:12:20,741] INFO django.server log "GET /admin/feedback/courseregistration/ HTTP/1.1" 200 73116
[2026-05-15 21:12:20,790] INFO django.server log "GET /admin/jsi18n/ HTTP/1.1" 200 3342
[2026-05-15 21:12:28,765] INFO django.server log "GET /admin/feedback/courseregistration/67/change/ HTTP/1.1" 200 31650
[2026-05-15 21:12:28,831] INFO django.server log "GET /admin/jsi18n/ HTTP/1.1" 200 3342
[2026-05-15 21:13:21,367] INFO django.server log "POST /admin/feedback/courseregistration/67/change/ HTTP/1.1" 302 0
[2026-05-15 21:13:21,659] INFO django.server log "GET /admin/feedback/courseregistration/ HTTP/1.1" 200 73362
[2026-05-15 21:13:21,719] INFO django.server log "GET /admin/jsi18n/ HTTP/1.1" 200 3342
[2026-05-15 21:13:46,159] INFO django.server log "GET /feedback/submit/ HTTP/1.1" 200 33986
[2026-05-15 21:14:19,312] INFO django.server log "POST /feedback/submit/ HTTP/1.1" 302 0
[2026-05-15 21:14:19,429] INFO django.server log "GET /feedback/my-feedback/ HTTP/1.1" 200 30447
[2026-05-15 21:14:33,552] INFO django.server log "GET /notifications/ HTTP/1.1" 200 17425
[2026-05-15 21:14:39,147] INFO django.server log "GET / HTTP/1.1" 302 0
[2026-05-15 21:14:39,246] INFO django.server log "GET /student/dashboard/ HTTP/1.1" 200 42029
[2026-05-15 21:14:45,052] INFO django.server basehttp - Broken pipe from ('127.0.0.1', 64212)
[2026-05-15 21:14:46,104] INFO django.server basehttp - Broken pipe from ('127.0.0.1', 49945)
[2026-05-15 21:14:46,776] INFO django.server basehttp - Broken pipe from ('127.0.0.1', 53691)
[2026-05-15 21:14:46,967] INFO django.server log "GET /feedback/course-registration/ HTTP/1.1" 200 71970
[2026-05-15 21:15:00,129] INFO django.server log "GET / HTTP/1.1" 302 0
[2026-05-15 21:15:00,209] INFO django.server log "GET /student/dashboard/ HTTP/1.1" 200 42029
[2026-05-15 21:15:02,069] INFO django.server log "GET /feedback/submit/ HTTP/1.1" 200 33904
[2026-05-15 21:15:34,715] INFO django.server log "POST /feedback/submit/ HTTP/1.1" 302 0
[2026-05-15 21:15:34,766] INFO django.server log "GET /feedback/my-feedback/ HTTP/1.1" 200 32998
[2026-05-15 21:15:37,600] INFO django.server log "GET / HTTP/1.1" 302 0
[2026-05-15 21:15:37,888] INFO django.server log "GET /student/dashboard/ HTTP/1.1" 200 42151
[2026-05-15 21:15:43,826] INFO django.server log "GET /complaints/submit/ HTTP/1.1" 200 29220
[2026-05-15 21:20:11,084] INFO django.server log "GET /hod/dashboard/ HTTP/1.1" 200 38645
[2026-05-15 21:20:12,864] INFO django.server log "GET /hod/dashboard/ HTTP/1.1" 200 38645
[2026-05-15 21:20:16,843] INFO django.server log "GET /notifications/ HTTP/1.1" 200 20701
[2026-05-15 21:20:18,692] INFO django.server log "GET / HTTP/1.1" 302 0
[2026-05-15 21:20:18,764] INFO django.server log "GET /hod/dashboard/ HTTP/1.1" 200 38645
[2026-05-15 21:20:26,309] INFO django.server log "GET /feedback/faculty/list/ HTTP/1.1" 200 22124
[2026-05-15 21:20:35,602] INFO django.server log "GET /feedback/detail/129/ HTTP/1.1" 200 21823
[2026-05-15 21:20:49,402] INFO django.server log "GET /feedback/faculty/list/ HTTP/1.1" 200 22124
[2026-05-15 21:20:51,375] INFO django.server log "GET / HTTP/1.1" 302 0
[2026-05-15 21:20:51,435] INFO django.server log "GET /hod/dashboard/ HTTP/1.1" 200 38645
[2026-05-15 21:21:53,356] INFO django.server log "GET /admin/feedback/courseregistration/ HTTP/1.1" 200 73106
[2026-05-15 21:21:53,518] INFO django.server log "GET /admin/jsi18n/ HTTP/1.1" 200 3342
[2026-05-15 21:21:55,548] INFO django.server log "GET /admin/feedback/courseregistration/ HTTP/1.1" 200 73106
[2026-05-15 21:21:55,616] INFO django.server log "GET /admin/jsi18n/ HTTP/1.1" 200 3342
[2026-05-15 21:21:57,024] INFO django.server log "GET /admin/feedback/courseregistration/add/ HTTP/1.1" 200 31284
[2026-05-15 21:21:57,106] INFO django.server log "GET /admin/jsi18n/ HTTP/1.1" 200 3342
[2026-05-15 21:23:00,156] INFO django.server log "GET / HTTP/1.1" 302 0
[2026-05-15 21:23:00,562] INFO django.server log "GET /student/dashboard/ HTTP/1.1" 200 42151
[2026-05-15 21:23:03,584] INFO django.server log "GET /notifications/ HTTP/1.1" 200 18358
[2026-05-15 21:23:08,028] INFO django.server log "GET / HTTP/1.1" 302 0
[2026-05-15 21:23:08,101] INFO django.server log "GET /student/dashboard/ HTTP/1.1" 200 42031
[2026-05-15 21:23:15,790] INFO django.server log "GET /feedback/submit/ HTTP/1.1" 200 33633
[2026-05-15 21:23:44,106] INFO django.server log "POST /admin/feedback/courseregistration/add/ HTTP/1.1" 200 31518
[2026-05-15 21:23:44,353] INFO django.server log "GET /admin/jsi18n/ HTTP/1.1" 200 3342
[2026-05-15 21:24:12,506] INFO django.server log "GET /admin/feedback/course/add/?_to_field=id&_popup=1 HTTP/1.1" 200 19297
[2026-05-15 21:24:12,710] INFO django.server log "GET /admin/jsi18n/ HTTP/1.1" 200 3342
[2026-05-15 21:24:12,921] INFO django.server log "GET /static/admin/img/icon-unknown.svg HTTP/1.1" 200 806
[2026-05-15 21:24:13,287] INFO django.server log "GET /static/admin/js/inlines.js HTTP/1.1" 200 15628
[2026-05-15 21:24:13,485] INFO django.server log "GET /static/admin/img/inline-delete.svg HTTP/1.1" 200 651
[2026-05-15 21:24:40,528] INFO django.server log "GET /admin/users/user/add/?_to_field=id&_popup=1 HTTP/1.1" 200 10002
[2026-05-15 21:24:40,625] INFO django.server log "GET /admin/jsi18n/ HTTP/1.1" 200 3342
[2026-05-15 21:24:40,654] INFO django.server log "GET /static/admin/css/unusable_password_field.css HTTP/1.1" 200 663
[2026-05-15 21:25:44,510] INFO django.server log "POST /admin/users/user/add/?_to_field=id&_popup=1 HTTP/1.1" 200 351
[2026-05-15 21:25:44,902] INFO django.server log "GET /static/admin/js/popup_response.js HTTP/1.1" 200 532
[2026-05-15 21:26:01,717] INFO django.server log "POST /admin/feedback/course/add/?_to_field=id&_popup=1 HTTP/1.1" 200 338
[2026-05-15 21:26:06,280] INFO django.server log "POST /admin/feedback/courseregistration/add/ HTTP/1.1" 302 0
[2026-05-15 21:26:06,703] INFO django.server log "GET /admin/feedback/courseregistration/ HTTP/1.1" 200 74211
[2026-05-15 21:26:06,821] INFO django.server log "GET /admin/jsi18n/ HTTP/1.1" 200 3342
[2026-05-15 21:26:21,517] INFO django.server log "GET /admin/feedback/courseregistration/ HTTP/1.1" 200 73955
[2026-05-15 21:26:21,585] INFO django.server log "GET /admin/jsi18n/ HTTP/1.1" 200 3342
[2026-05-15 21:26:26,103] INFO django.server log "GET / HTTP/1.1" 302 0
[2026-05-15 21:26:26,198] INFO django.server log "GET /dashboard/admin/ HTTP/1.1" 200 44145
[2026-05-15 21:26:52,540] INFO django.server log "GET / HTTP/1.1" 302 0
[2026-05-15 21:26:52,745] INFO django.server log "GET /student/dashboard/ HTTP/1.1" 200 42031
[2026-05-15 21:26:55,240] INFO django.server log "GET /feedback/course-registration/ HTTP/1.1" 200 74486
[2026-05-15 21:26:58,000] INFO django.server log "GET / HTTP/1.1" 302 0
[2026-05-15 21:26:58,185] INFO django.server log "GET /student/dashboard/ HTTP/1.1" 200 42031
[2026-05-15 21:26:59,774] INFO django.server log "GET /feedback/submit/ HTTP/1.1" 200 33794
[2026-05-15 21:27:27,635] INFO django.server log "POST /feedback/submit/ HTTP/1.1" 302 0
[2026-05-15 21:27:27,779] INFO django.server log "GET /feedback/submit/ HTTP/1.1" 200 34408
[2026-05-15 21:27:58,013] INFO django.server log "GET / HTTP/1.1" 302 0
[2026-05-15 21:27:58,083] INFO django.server log "GET /student/dashboard/ HTTP/1.1" 200 42031
[2026-05-15 21:28:14,265] INFO django.server log "GET /admin/users/announcement/ HTTP/1.1" 200 19190
[2026-05-15 21:28:14,533] INFO django.server log "GET /admin/jsi18n/ HTTP/1.1" 200 3342
[2026-05-15 21:48:34,608] INFO django.server log "GET /admin/users/announcement/add/ HTTP/1.1" 200 28403
[2026-05-15 21:48:34,858] INFO django.server log "GET /admin/jsi18n/ HTTP/1.1" 200 3342
[2026-05-15 21:48:47,709] INFO django.server log "GET /admin/users/announcement/ HTTP/1.1" 200 19190
[2026-05-15 21:48:47,768] INFO django.server log "GET /admin/jsi18n/ HTTP/1.1" 200 3342
[2026-05-15 21:49:05,732] INFO django.server log "GET /notifications/ HTTP/1.1" 200 18358
[2026-05-15 21:49:09,456] INFO django.server log "GET / HTTP/1.1" 302 0
[2026-05-15 21:49:09,619] INFO django.server log "GET /student/dashboard/ HTTP/1.1" 200 42031
[2026-05-15 21:49:27,638] INFO django.server log "GET / HTTP/1.1" 302 0
[2026-05-15 21:49:27,724] INFO django.server log "GET /dashboard/admin/ HTTP/1.1" 200 44145
[2026-05-15 21:49:30,302] INFO django.server log "GET /admin/feedback/feedbackperiod/ HTTP/1.1" 200 19412
[2026-05-15 21:49:30,400] INFO django.server log "GET /admin/jsi18n/ HTTP/1.1" 200 3342
[2026-05-15 21:49:34,484] INFO django.server log "GET /admin/users/announcement/ HTTP/1.1" 200 19190
[2026-05-15 21:49:34,551] INFO django.server log "GET /admin/jsi18n/ HTTP/1.1" 200 3342
[2026-05-15 21:49:38,913] INFO django.server log "GET /admin/feedback/courseregistration/ HTTP/1.1" 200 73955
[2026-05-15 21:49:38,991] INFO django.server log "GET /admin/jsi18n/ HTTP/1.1" 200 3342
[2026-05-15 21:49:44,263] INFO django.server log "GET /feedback/admin/courses/ HTTP/1.1" 200 79045
[2026-05-15 21:49:53,040] INFO django.server log "GET /admin/feedback/feedbackperiod/ HTTP/1.1" 200 19412
[2026-05-15 21:49:53,091] INFO django.server log "GET /admin/jsi18n/ HTTP/1.1" 200 3342
[2026-05-15 21:49:55,877] INFO django.server log "GET /admin/users/announcement/ HTTP/1.1" 200 19190
[2026-05-15 21:49:55,947] INFO django.server log "GET /admin/jsi18n/ HTTP/1.1" 200 3342
[2026-05-15 21:49:59,044] INFO django.server log "GET /admin/feedback/courseregistration/ HTTP/1.1" 200 73955
[2026-05-15 21:49:59,141] INFO django.server log "GET /admin/jsi18n/ HTTP/1.1" 200 3342
[2026-05-15 21:50:02,309] INFO django.server log "GET /feedback/admin/courses/add/ HTTP/1.1" 200 19689
[2026-05-15 21:50:09,283] INFO django.server log "GET /admin/feedback/feedbackperiod/ HTTP/1.1" 200 19412
[2026-05-15 21:50:09,341] INFO django.server log "GET /admin/jsi18n/ HTTP/1.1" 200 3342
[2026-05-15 21:52:55,923] INFO django.server log "GET /hod/dashboard/ HTTP/1.1" 200 38645
[2026-05-15 21:52:57,380] INFO django.utils.autoreload autoreload C:\Users\fairo\Music\Py_feed2_recent\FeedbackFlow\users\forms.py changed, reloading.
[2026-05-15 21:53:07,017] INFO django.utils.autoreload autoreload Watching for file changes with StatReloader
[2026-05-15 21:53:08,331] INFO django.server log "GET /complaints/hod/list/ HTTP/1.1" 200 39176
[2026-05-15 21:53:13,361] INFO django.server log "GET / HTTP/1.1" 302 0
[2026-05-15 21:53:13,449] INFO django.server log "GET /hod/dashboard/ HTTP/1.1" 200 38645
[2026-05-15 21:53:16,185] INFO django.server log "GET /complaints/hod/list/ HTTP/1.1" 200 39176
[2026-05-15 21:53:20,064] INFO django.server log "GET / HTTP/1.1" 302 0
[2026-05-15 21:53:20,132] INFO django.server log "GET /hod/dashboard/ HTTP/1.1" 200 38645
[2026-05-15 21:53:22,552] INFO django.server log "GET /complaints/hod/list/?mode=pending HTTP/1.1" 200 44313
[2026-05-15 21:53:24,559] INFO django.server log "GET / HTTP/1.1" 302 0
[2026-05-15 21:53:24,610] INFO django.server log "GET /hod/dashboard/ HTTP/1.1" 200 38645
[2026-05-15 21:53:26,523] INFO django.server log "GET /feedback/faculty/list/ HTTP/1.1" 200 22124
[2026-05-15 21:53:28,091] INFO django.server log "GET / HTTP/1.1" 302 0
[2026-05-15 21:53:28,144] INFO django.server log "GET /hod/dashboard/ HTTP/1.1" 200 38645
[2026-05-15 21:53:31,414] INFO django.utils.autoreload autoreload C:\Users\fairo\Music\Py_feed2_recent\FeedbackFlow\users\forms.py changed, reloading.
[2026-05-15 21:53:34,870] INFO django.utils.autoreload autoreload Watching for file changes with StatReloader
[2026-05-15 21:53:35,905] INFO django.server log "GET /complaints/hod/faculty-complaint-summary/ HTTP/1.1" 200 20052
[2026-05-15 21:53:41,804] INFO django.server log "GET /complaints/hod/faculty-complaint-summary/?faculty_id=24 HTTP/1.1" 200 41847
[2026-05-15 21:54:00,570] INFO django.utils.autoreload autoreload C:\Users\fairo\Music\Py_feed2_recent\FeedbackFlow\feedback\forms.py changed, reloading.
[2026-05-15 21:54:03,085] INFO django.utils.autoreload autoreload Watching for file changes with StatReloader
[2026-05-15 21:54:05,915] INFO django.server log "GET / HTTP/1.1" 302 0
[2026-05-15 21:54:06,099] INFO django.server log "GET /hod/dashboard/ HTTP/1.1" 200 38645
[2026-05-15 21:54:36,202] INFO django.utils.autoreload autoreload C:\Users\fairo\Music\Py_feed2_recent\FeedbackFlow\feedback\views.py changed, reloading.
[2026-05-15 21:54:38,425] INFO django.utils.autoreload autoreload Watching for file changes with StatReloader
[2026-05-15 21:55:03,696] INFO django.utils.autoreload autoreload C:\Users\fairo\Music\Py_feed2_recent\FeedbackFlow\users\views.py changed, reloading.
[2026-05-15 21:55:08,713] INFO django.utils.autoreload autoreload Watching for file changes with StatReloader
[2026-05-15 22:01:35,314] INFO django.utils.autoreload autoreload Watching for file changes with StatReloader
[2026-05-15 22:01:57,569] INFO django.server log "GET /hod/dashboard/ HTTP/1.1" 200 38645
[2026-05-15 22:02:03,847] INFO django.server log "GET /dashboard/admin/ HTTP/1.1" 200 44141
[2026-05-15 22:02:06,533] INFO django.server log "GET /feedback/admin/feedback-periods/ HTTP/1.1" 200 29536
[2026-05-15 22:02:11,753] INFO django.server log "GET /feedback/admin/feedback-periods/add/ HTTP/1.1" 200 30584
[2026-05-15 22:03:05,042] INFO django.server log "POST /feedback/admin/feedback-periods/add/ HTTP/1.1" 302 0
[2026-05-15 22:03:05,074] INFO django.server log "GET /feedback/admin/feedback-periods/ HTTP/1.1" 200 30692
[2026-05-15 22:03:10,404] INFO django.server log "GET / HTTP/1.1" 302 0
[2026-05-15 22:03:10,625] INFO django.server log "GET /dashboard/admin/ HTTP/1.1" 200 44141
[2026-05-15 22:03:13,507] INFO django.server log "GET /feedback/admin/registrations/ HTTP/1.1" 200 71655
[2026-05-15 22:04:28,543] INFO django.server log "GET / HTTP/1.1" 302 0
[2026-05-15 22:04:28,633] INFO django.server log "GET /dashboard/admin/ HTTP/1.1" 200 44141
[2026-05-15 22:05:03,992] INFO django.server log "GET /admin/ HTTP/1.1" 200 18491
[2026-05-15 22:05:04,295] INFO django.server log "GET /static/admin/css/dashboard.css HTTP/1.1" 200 441
[2026-05-15 22:05:09,809] INFO django.server log "GET /admin/feedback/courseregistration/ HTTP/1.1" 200 73955
[2026-05-15 22:05:09,876] INFO django.server log "GET /admin/jsi18n/ HTTP/1.1" 200 3342
[2026-05-15 22:05:19,918] INFO django.server log "GET /feedback/admin/registrations/ HTTP/1.1" 200 71655
[2026-05-15 22:05:45,335] INFO django.server log "GET /admin/feedback/courseregistration/add/ HTTP/1.1" 200 31395
[2026-05-15 22:05:45,403] INFO django.server log "GET /admin/jsi18n/ HTTP/1.1" 200 3342
[2026-05-15 22:05:50,455] INFO django.server log "GET /admin/feedback/courseregistration/ HTTP/1.1" 200 73955
[2026-05-15 22:05:54,149] INFO django.server log "GET / HTTP/1.1" 302 0
[2026-05-15 22:05:54,209] INFO django.server log "GET /dashboard/admin/ HTTP/1.1" 200 44141
[2026-05-15 22:06:07,209] INFO django.server log "GET /feedback/course-registration/ HTTP/1.1" 200 74486
[2026-05-15 22:06:38,574] INFO django.server log "POST /feedback/course-registration/ HTTP/1.1" 302 0
[2026-05-15 22:06:38,772] INFO django.server log "GET /feedback/course-registration/ HTTP/1.1" 200 75330
[2026-05-15 22:06:41,628] INFO django.server log "GET / HTTP/1.1" 302 0
[2026-05-15 22:06:41,856] INFO django.server log "GET /student/dashboard/ HTTP/1.1" 200 42031
[2026-05-15 22:06:44,756] INFO django.server log "GET /student/dashboard/ HTTP/1.1" 200 42031
[2026-05-15 22:06:50,975] INFO django.server log "GET /feedback/admin/registrations/ HTTP/1.1" 200 71658
[2026-05-15 22:07:11,053] INFO django.server log "GET /admin/feedback/courseregistration/ HTTP/1.1" 200 73978
[2026-05-15 22:07:11,163] INFO django.server log "GET /admin/jsi18n/ HTTP/1.1" 200 3342
[2026-05-15 22:07:42,119] INFO django.server log "GET /feedback/submit/ HTTP/1.1" 200 34062
[2026-05-15 22:08:14,225] INFO django.server log "GET / HTTP/1.1" 302 0
[2026-05-15 22:08:14,343] INFO django.server log "GET /dashboard/admin/ HTTP/1.1" 200 44141
[2026-05-15 22:08:16,575] INFO django.server log "GET /feedback/admin/feedback-periods/ HTTP/1.1" 200 30135
[2026-05-15 22:08:18,112] INFO django.server log "GET /feedback/admin/feedback-periods/add/ HTTP/1.1" 200 30584
[2026-05-15 22:08:50,227] INFO django.server log "POST /feedback/submit/ HTTP/1.1" 302 0
[2026-05-15 22:08:50,384] INFO django.server log "GET /feedback/submit/ HTTP/1.1" 200 34676
[2026-05-15 22:16:39,428] INFO django.server log "GET /student/dashboard/ HTTP/1.1" 200 42031
[2026-05-15 22:16:44,091] INFO django.server log "GET /complaints/submit/ HTTP/1.1" 200 29135
[2026-05-15 22:17:17,292] INFO django.server log "GET / HTTP/1.1" 302 0
[2026-05-15 22:17:17,386] INFO django.server log "GET /student/dashboard/ HTTP/1.1" 200 42031
[2026-05-15 22:17:22,052] INFO django.server log "GET /complaints/my-complaints/ HTTP/1.1" 200 20574
[2026-05-15 22:17:25,866] INFO django.server log "GET /complaints/submit/ HTTP/1.1" 200 29135
[2026-05-15 22:24:36,551] INFO django.server log "GET / HTTP/1.1" 200 37260
[2026-05-15 22:24:42,997] INFO django.server log "GET /login/ HTTP/1.1" 200 18741
[2026-05-15 22:25:01,861] INFO django.server log "POST /login/ HTTP/1.1" 302 0
[2026-05-15 22:25:02,000] INFO django.server log "GET /student/dashboard/ HTTP/1.1" 200 42572
[2026-05-15 22:25:05,819] INFO django.server log "GET /complaints/submit/ HTTP/1.1" 200 29135
[2026-05-15 22:25:36,281] INFO django.server log "GET /admin/feedback/courseregistration/ HTTP/1.1" 200 73978
[2026-05-15 22:25:56,006] INFO django.server log "GET / HTTP/1.1" 302 0
[2026-05-15 22:25:56,555] INFO django.server log "GET /hod/dashboard/ HTTP/1.1" 200 38645
[2026-05-15 22:34:56,181] INFO django.utils.autoreload autoreload Watching for file changes with StatReloader
[2026-05-15 22:35:08,931] INFO django.server log "GET / HTTP/1.1" 200 37260
[2026-05-15 22:35:13,352] INFO django.server log "GET /login/ HTTP/1.1" 200 18741
[2026-05-15 22:35:33,250] INFO django.server log "POST /login/ HTTP/1.1" 302 0
[2026-05-15 22:35:33,592] INFO django.server log "GET /student/dashboard/ HTTP/1.1" 200 42572
[2026-05-15 22:35:38,795] INFO django.server log "GET /complaints/submit/ HTTP/1.1" 200 30042
[2026-05-15 22:35:52,678] INFO django.server log "GET /appointment/ HTTP/1.1" 200 22153
[2026-05-15 22:36:19,931] INFO django.server log "POST /appointment/ HTTP/1.1" 302 0
[2026-05-15 22:36:20,031] INFO django.server log "GET /appointment/ HTTP/1.1" 200 22890
[2026-05-15 22:36:56,899] INFO django.server log "GET / HTTP/1.1" 200 37260
[2026-05-15 22:36:59,107] INFO django.server log "GET /login/ HTTP/1.1" 200 18741
[2026-05-15 22:37:15,664] INFO django.server log "POST /login/ HTTP/1.1" 302 0
[2026-05-15 22:37:15,756] INFO django.server log "GET /dashboard/admin/ HTTP/1.1" 200 44802
[2026-05-15 22:37:20,792] INFO django.server log "GET /notifications/ HTTP/1.1" 200 26347
[2026-05-15 22:37:23,756] INFO django.server log "GET /notifications/mark-read/107/ HTTP/1.1" 302 0
[2026-05-15 22:37:23,877] INFO django.server log "GET /dashboard/appointments/ HTTP/1.1" 200 38161
[2026-05-15 22:37:27,712] INFO django.server log "GET /dashboard/appointments/?status=Pending HTTP/1.1" 200 34599
[2026-05-15 22:37:32,519] INFO django.server log "GET /dashboard/appointments/9/ HTTP/1.1" 200 20279
[2026-05-15 22:37:48,135] INFO django.server log "POST /dashboard/appointments/9/ HTTP/1.1" 302 0
[2026-05-15 22:37:48,226] INFO django.server log "GET /dashboard/appointments/9/ HTTP/1.1" 200 20418
[2026-05-15 22:37:55,909] INFO django.server log "POST /dashboard/appointments/9/ HTTP/1.1" 302 0
[2026-05-15 22:37:56,026] INFO django.server log "GET /dashboard/appointments/9/ HTTP/1.1" 200 21183
[2026-05-15 22:38:13,574] INFO django.server log "GET / HTTP/1.1" 302 0
[2026-05-15 22:38:13,636] INFO django.server log "GET /dashboard/admin/ HTTP/1.1" 200 44141
[2026-05-15 22:38:15,969] INFO django.server log "GET /dashboard/admin/ HTTP/1.1" 200 44141
[2026-05-15 22:38:26,400] INFO django.server log "GET /appointment/ HTTP/1.1" 200 22273
[2026-05-15 22:38:29,093] INFO django.server log "GET / HTTP/1.1" 302 0
[2026-05-15 22:38:29,285] INFO django.server log "GET /student/dashboard/ HTTP/1.1" 200 43501
[2026-05-15 22:38:30,108] INFO django.server log "GET /notifications/ HTTP/1.1" 200 19945
[2026-05-15 22:38:35,548] INFO django.server log "GET /notifications/mark-read/112/ HTTP/1.1" 302 0
[2026-05-15 22:38:35,629] INFO django.server log "GET /appointment/my/ HTTP/1.1" 200 20151
[2026-05-15 22:39:10,780] INFO django.server log "GET / HTTP/1.1" 302 0
[2026-05-15 22:39:10,877] INFO django.server log "GET /student/dashboard/ HTTP/1.1" 200 43381
[2026-05-15 22:39:19,668] INFO django.server log "GET /complaints/submit/ HTTP/1.1" 200 30042
[2026-05-15 22:39:40,066] INFO django.server log "GET / HTTP/1.1" 302 0
[2026-05-15 22:39:40,271] INFO django.server log "GET /dashboard/admin/ HTTP/1.1" 200 44141
[2026-05-15 22:39:58,781] INFO django.server log "GET /faculty/dashboard/ HTTP/1.1" 200 37919
[2026-05-15 22:40:09,847] INFO django.server log "GET / HTTP/1.1" 200 37260
[2026-05-15 22:40:13,470] INFO django.server log "GET /login/ HTTP/1.1" 200 18741
[2026-05-15 22:40:44,204] INFO django.server log "POST /login/ HTTP/1.1" 302 0
[2026-05-15 22:40:44,289] INFO django.server log "GET /hod/dashboard/ HTTP/1.1" 200 39185
[2026-05-15 22:42:56,882] INFO django.utils.autoreload autoreload Watching for file changes with StatReloader
[2026-05-15 22:43:03,285] INFO django.server log "GET /admin/ HTTP/1.1" 200 18491
[2026-05-15 22:43:03,819] INFO django.server log "GET /static/admin/css/dashboard.css HTTP/1.1" 200 441
[2026-05-15 22:43:03,830] INFO django.server log "GET /static/admin/css/base.css HTTP/1.1" 200 23100
[2026-05-15 22:43:03,831] INFO django.server log "GET /static/admin/css/nav_sidebar.css HTTP/1.1" 200 2810
[2026-05-15 22:43:03,844] INFO django.server log "GET /static/admin/css/dark_mode.css HTTP/1.1" 200 3538
[2026-05-15 22:43:03,871] INFO django.server log "GET /static/admin/css/responsive.css HTTP/1.1" 200 16273
[2026-05-15 22:43:03,924] INFO django.server log "GET /static/admin/js/theme.js HTTP/1.1" 200 1653
[2026-05-15 22:43:03,946] INFO django.server log "GET /static/admin/img/icon-addlink.svg HTTP/1.1" 200 593
[2026-05-15 22:43:03,946] INFO django.server log "GET /static/admin/img/icon-changelink.svg HTTP/1.1" 200 978
[2026-05-15 22:43:03,970] INFO django.server log "GET /static/admin/js/nav_sidebar.js HTTP/1.1" 200 3063
[2026-05-15 22:43:12,471] INFO django.server log "GET /admin/feedback/courseregistration/add/ HTTP/1.1" 200 31395
[2026-05-15 22:43:12,519] INFO django.server log "GET /static/admin/js/jquery.init.js HTTP/1.1" 200 347
[2026-05-15 22:43:12,521] INFO django.server log "GET /static/admin/css/forms.css HTTP/1.1" 200 8831
[2026-05-15 22:43:12,535] INFO django.server log "GET /static/admin/js/core.js HTTP/1.1" 200 6208
[2026-05-15 22:43:12,538] INFO django.server log "GET /admin/jsi18n/ HTTP/1.1" 200 3342
[2026-05-15 22:43:12,546] INFO django.server log "GET /static/admin/js/calendar.js HTTP/1.1" 200 9159
[2026-05-15 22:43:12,551] INFO django.server log "GET /static/admin/js/admin/DateTimeShortcuts.js HTTP/1.1" 200 19698
[2026-05-15 22:43:12,561] INFO django.server log "GET /static/admin/css/widgets.css HTTP/1.1" 200 11811
[2026-05-15 22:43:12,599] INFO django.server log "GET /static/admin/js/urlify.js HTTP/1.1" 200 7887
[2026-05-15 22:43:12,612] INFO django.server log "GET /static/admin/js/prepopulate_init.js HTTP/1.1" 200 586
[2026-05-15 22:43:12,612] INFO django.server log "GET /static/admin/js/prepopulate.js HTTP/1.1" 200 1531
[2026-05-15 22:43:12,618] INFO django.server log "GET /static/admin/js/actions.js HTTP/1.1" 200 8076
[2026-05-15 22:43:12,623] INFO django.server log "GET /static/admin/js/admin/RelatedObjectLookups.js HTTP/1.1" 200 9777
[2026-05-15 22:43:12,652] INFO django.server log "GET /static/admin/js/vendor/jquery/jquery.js HTTP/1.1" 200 285314
[2026-05-15 22:43:12,689] INFO django.server log "GET /static/admin/img/icon-viewlink.svg HTTP/1.1" 200 928
[2026-05-15 22:43:12,720] INFO django.server log "GET /static/admin/js/change_form.js HTTP/1.1" 200 606
[2026-05-15 22:43:12,849] INFO django.server log "GET /static/admin/js/vendor/xregexp/xregexp.js HTTP/1.1" 200 325171
[2026-05-15 22:43:12,963] INFO django.server log "GET /static/admin/img/icon-clock.svg HTTP/1.1" 200 805
[2026-05-15 22:43:12,984] INFO django.server log "GET /static/admin/img/icon-calendar.svg HTTP/1.1" 200 1112
[2026-05-15 22:43:36,665] INFO django.server log "GET /dashboard/announcements/ HTTP/1.1" 200 29637
[2026-05-15 22:43:39,034] INFO django.server log "GET /dashboard/announcements/add/ HTTP/1.1" 200 31039
[2026-05-15 22:43:53,681] INFO django.server log "GET / HTTP/1.1" 302 0
[2026-05-15 22:43:53,743] INFO django.server log "GET /dashboard/admin/ HTTP/1.1" 200 44141
[2026-05-15 22:43:55,998] INFO django.server log "GET /feedback/admin/registrations/ HTTP/1.1" 200 71658
[2026-05-15 22:44:19,427] INFO django.server log "GET /admin/feedback/courseregistration/ HTTP/1.1" 200 73978
[2026-05-15 22:44:19,464] INFO django.server log "GET /static/admin/img/search.svg HTTP/1.1" 200 607
[2026-05-15 22:44:19,466] INFO django.server log "GET /admin/jsi18n/ HTTP/1.1" 200 3342
[2026-05-15 22:44:19,477] INFO django.server log "GET /static/admin/css/changelists.css HTTP/1.1" 200 7498
[2026-05-15 22:44:19,480] INFO django.server log "GET /static/admin/img/icon-yes.svg HTTP/1.1" 200 558
[2026-05-15 22:44:19,494] INFO django.server log "GET /static/admin/img/icon-no.svg HTTP/1.1" 200 645
[2026-05-15 22:44:19,546] INFO django.server log "GET /static/admin/img/tooltag-add.svg HTTP/1.1" 200 593
[2026-05-15 22:44:19,549] INFO django.server log "GET /static/admin/js/filters.js HTTP/1.1" 200 978
[2026-05-15 22:44:27,702] INFO django.server log "GET /admin/feedback/courseregistration/add/ HTTP/1.1" 200 31395
[2026-05-15 22:44:27,729] INFO django.server log "GET /admin/jsi18n/ HTTP/1.1" 200 3342
[2026-05-15 22:44:53,682] INFO django.server log "GET /admin/feedback/courseregistration/ HTTP/1.1" 200 73978
[2026-05-15 22:50:08,241] INFO django.utils.autoreload autoreload C:\Users\fairo\Music\Py_feed2_recent\FeedbackFlow\feedback\forms.py changed, reloading.
[2026-05-15 22:50:11,126] INFO django.utils.autoreload autoreload Watching for file changes with StatReloader
[2026-05-15 22:53:10,918] INFO django.utils.autoreload autoreload C:\Users\fairo\Music\Py_feed2_recent\FeedbackFlow\feedback\forms.py changed, reloading.
[2026-05-15 22:53:14,145] INFO django.utils.autoreload autoreload Watching for file changes with StatReloader
[2026-05-15 22:54:14,041] INFO django.utils.autoreload autoreload C:\Users\fairo\Music\Py_feed2_recent\FeedbackFlow\feedback\views.py changed, reloading.
[2026-05-15 22:54:15,715] INFO django.utils.autoreload autoreload Watching for file changes with StatReloader
[2026-05-15 22:54:30,816] INFO django.utils.autoreload autoreload C:\Users\fairo\Music\Py_feed2_recent\FeedbackFlow\feedback\views.py changed, reloading.
[2026-05-15 22:54:32,893] INFO django.utils.autoreload autoreload Watching for file changes with StatReloader
[2026-05-15 22:54:52,277] INFO django.utils.autoreload autoreload C:\Users\fairo\Music\Py_feed2_recent\FeedbackFlow\feedback\urls.py changed, reloading.
[2026-05-15 22:54:54,425] INFO django.utils.autoreload autoreload Watching for file changes with StatReloader
[2026-05-15 22:58:19,216] INFO django.utils.autoreload autoreload Watching for file changes with StatReloader
[2026-05-15 22:58:25,625] INFO django.server log "GET /feedback/admin/registrations/ HTTP/1.1" 200 104902
[2026-05-15 23:00:36,264] INFO django.server log "GET / HTTP/1.1" 302 0
[2026-05-15 23:00:36,414] INFO django.server log "GET /dashboard/admin/ HTTP/1.1" 200 44141
[2026-05-15 23:00:41,603] INFO django.server log "GET /feedback/admin/feedback-periods/ HTTP/1.1" 200 30135
[2026-05-15 23:00:43,350] INFO django.server log "GET /feedback/admin/feedback-periods/add/ HTTP/1.1" 200 30584
[2026-05-15 23:05:12,304] INFO django.utils.autoreload autoreload C:\Users\fairo\Music\Py_feed2_recent\FeedbackFlow\feedback\views.py changed, reloading.
[2026-05-15 23:05:16,169] INFO django.utils.autoreload autoreload Watching for file changes with StatReloader
[2026-05-15 23:05:17,240] INFO django.server log "GET / HTTP/1.1" 302 0
[2026-05-15 23:05:17,443] INFO django.server log "GET /dashboard/admin/ HTTP/1.1" 200 44141
[2026-05-15 23:05:21,880] INFO django.server log "GET /feedback/admin/feedback-periods/ HTTP/1.1" 200 30135
[2026-05-15 23:05:25,547] INFO django.server log "GET /feedback/admin/feedback-periods/add/ HTTP/1.1" 200 30584
[2026-05-15 23:05:41,313] INFO django.server log "GET / HTTP/1.1" 302 0
[2026-05-15 23:05:41,460] INFO django.server log "GET /dashboard/admin/ HTTP/1.1" 200 44141
[2026-05-15 23:05:44,131] INFO django.server log "GET /feedback/admin/feedback-periods/ HTTP/1.1" 200 30135
[2026-05-15 23:05:46,056] INFO django.server log "GET /feedback/admin/feedback-periods/add/ HTTP/1.1" 200 30584
[2026-05-15 23:06:11,287] INFO django.server log "POST /feedback/admin/feedback-periods/add/ HTTP/1.1" 302 0
[2026-05-15 23:06:11,350] INFO django.server log "GET /feedback/admin/feedback-periods/ HTTP/1.1" 200 31291
[2026-05-15 23:06:21,239] INFO django.server log "GET /student/dashboard/ HTTP/1.1" 200 43381
[2026-05-15 23:06:26,999] INFO django.server log "GET /feedback/submit/ HTTP/1.1" 200 34062
[2026-05-15 23:06:39,209] INFO django.server log "GET / HTTP/1.1" 302 0
[2026-05-15 23:06:39,285] INFO django.server log "GET /dashboard/admin/ HTTP/1.1" 200 44141
[2026-05-15 23:06:43,627] INFO django.server log "GET /feedback/admin/registrations/ HTTP/1.1" 200 104937
[2026-05-15 23:07:19,134] INFO django.server log "POST /feedback/submit/ HTTP/1.1" 302 0
[2026-05-15 23:07:19,295] INFO django.server log "GET /feedback/submit/ HTTP/1.1" 200 34685
[2026-05-15 23:08:23,307] INFO django.server log "POST /feedback/admin/registrations/ HTTP/1.1" 302 0
[2026-05-15 23:08:23,487] INFO django.server log "GET /feedback/admin/registrations/ HTTP/1.1" 200 105492
[2026-05-15 23:08:25,500] INFO django.server log "GET / HTTP/1.1" 302 0
[2026-05-15 23:08:25,719] INFO django.server log "GET /dashboard/admin/ HTTP/1.1" 200 44141
[2026-05-15 23:08:27,833] INFO django.server log "GET /feedback/admin/feedback-periods/ HTTP/1.1" 200 30734
[2026-05-15 23:08:29,507] INFO django.server log "GET /feedback/admin/feedback-periods/add/ HTTP/1.1" 200 30584
[2026-05-15 23:08:36,196] INFO django.server log "GET / HTTP/1.1" 302 0
[2026-05-15 23:08:36,269] INFO django.server log "GET /dashboard/admin/ HTTP/1.1" 200 44141
[2026-05-15 23:09:05,230] INFO django.server log "GET / HTTP/1.1" 302 0
[2026-05-15 23:09:05,333] INFO django.server log "GET /student/dashboard/ HTTP/1.1" 200 43381
[2026-05-15 23:09:13,809] INFO django.server log "GET /dashboard/announcements/ HTTP/1.1" 200 29637
[2026-05-15 23:09:31,652] INFO django.server log "GET /dashboard/announcements/add/ HTTP/1.1" 200 31039
[2026-05-15 23:09:48,533] INFO django.server log "GET / HTTP/1.1" 302 0
[2026-05-15 23:09:48,594] INFO django.server log "GET /dashboard/admin/ HTTP/1.1" 200 44141
[2026-05-15 23:09:56,819] INFO django.server log "GET /complaints/submit/ HTTP/1.1" 200 30042
[2026-05-15 23:10:16,757] INFO django.server log "GET / HTTP/1.1" 302 0
[2026-05-15 23:10:16,905] INFO django.server log "GET /student/dashboard/ HTTP/1.1" 200 43381
[2026-05-15 23:11:09,060] INFO django.utils.autoreload autoreload Watching for file changes with StatReloader
[2026-05-15 23:11:13,374] INFO django.server log "GET /dashboard/admin/ HTTP/1.1" 200 44141
[2026-05-15 23:11:14,590] INFO django.server log "GET /complaints/public-log/ HTTP/1.1" 200 25364
[2026-05-15 23:11:58,611] INFO django.server log "GET /logout/ HTTP/1.1" 302 0
[2026-05-15 23:11:58,629] INFO django.server log "GET /login/ HTTP/1.1" 200 19053
[2026-05-15 23:12:01,345] INFO django.server log "GET / HTTP/1.1" 200 37260
[2026-05-15 23:12:07,599] INFO django.server log "GET /complaints/public-log/ HTTP/1.1" 200 24792
[2026-05-15 23:12:13,013] INFO django.server log "GET / HTTP/1.1" 200 37260
[2026-05-15 23:13:20,299] INFO django.server log "GET /admin/feedback/courseregistration/ HTTP/1.1" 302 0
[2026-05-15 23:13:20,470] INFO django.server log "GET /admin/login/?next=/admin/feedback/courseregistration/ HTTP/1.1" 200 4147
[2026-05-15 23:13:21,067] INFO django.server log "GET /static/admin/css/login.css HTTP/1.1" 200 951
[2026-05-15 23:13:26,860] INFO django.server log "GET /login/ HTTP/1.1" 200 18741
[2026-05-15 23:14:02,815] INFO django.server log "POST /login/ HTTP/1.1" 302 0
[2026-05-15 23:14:02,880] INFO django.server log "GET /dashboard/admin/ HTTP/1.1" 200 44682
[2026-05-15 23:14:15,221] INFO django.server log "GET /complaints/public-log/ HTTP/1.1" 200 25364
[2026-05-15 23:14:28,202] INFO django.server log "GET /complaints/public-log/?type=Facility HTTP/1.1" 200 24626
[2026-05-15 23:14:30,272] INFO django.server log "GET /complaints/public-log/?type=Faculty HTTP/1.1" 200 21366
[2026-05-15 23:14:33,562] INFO django.server log "GET /complaints/public-log/?type=Facility HTTP/1.1" 200 24626
[2026-05-15 23:14:38,751] INFO django.server log "GET /complaints/public-log/ HTTP/1.1" 200 25364
[2026-05-15 23:16:03,700] INFO django.server log "GET /feedback/submit/ HTTP/1.1" 200 34062
[2026-05-15 23:16:05,229] INFO django.server log "GET /feedback/submit/ HTTP/1.1" 200 34062
[2026-05-15 23:16:17,936] INFO django.server log "POST /feedback/submit/ HTTP/1.1" 302 0
[2026-05-15 23:16:18,172] INFO django.server log "GET /feedback/submit/ HTTP/1.1" 200 34685
[2026-05-15 23:16:21,005] INFO django.server log "GET / HTTP/1.1" 302 0
[2026-05-15 23:16:21,136] INFO django.server log "GET /student/dashboard/ HTTP/1.1" 200 43381
[2026-05-15 23:16:26,580] INFO django.server log "GET /feedback/submit/ HTTP/1.1" 200 34062
[2026-05-15 23:16:40,132] INFO django.server log "POST /feedback/submit/ HTTP/1.1" 302 0
[2026-05-15 23:16:40,524] INFO django.server log "GET /feedback/submit/ HTTP/1.1" 200 34685
[2026-05-15 23:19:27,379] INFO django.utils.autoreload autoreload Watching for file changes with StatReloader
[2026-05-15 23:19:31,717] INFO django.server log "GET / HTTP/1.1" 302 0
[2026-05-15 23:19:32,319] INFO django.server log "GET /student/dashboard/ HTTP/1.1" 200 43046
[2026-05-15 23:19:57,362] INFO django.server log "GET /logout/ HTTP/1.1" 302 0
[2026-05-15 23:19:57,398] INFO django.server log "GET /login/ HTTP/1.1" 200 19053
[2026-05-15 23:19:59,761] INFO django.server log "GET / HTTP/1.1" 200 37093
[2026-05-15 23:20:06,310] INFO django.server log "GET /login/ HTTP/1.1" 200 18741
[2026-05-15 23:20:19,342] INFO django.server log "POST /login/ HTTP/1.1" 302 0
[2026-05-15 23:20:19,477] INFO django.server log "GET /student/dashboard/ HTTP/1.1" 200 43587
[2026-05-15 23:20:32,349] INFO django.utils.autoreload autoreload C:\Users\fairo\Music\Py_feed2_recent\FeedbackFlow\feedback\models.py changed, reloading.
[2026-05-15 23:20:35,567] INFO django.utils.autoreload autoreload Watching for file changes with StatReloader
[2026-05-15 23:22:55,364] INFO django.server log "GET /complaints/public-log/ HTTP/1.1" 200 32697
[2026-05-15 23:23:04,346] INFO django.server log "GET / HTTP/1.1" 302 0
[2026-05-15 23:23:04,555] INFO django.server log "GET /dashboard/admin/ HTTP/1.1" 200 43806
[2026-05-15 23:23:28,520] INFO django.server log "GET /dashboard/admin/ HTTP/1.1" 200 43806
[2026-05-15 23:25:08,453] INFO django.utils.autoreload autoreload C:\Users\fairo\Music\Py_feed2_recent\FeedbackFlow\feedback\models.py changed, reloading.
[2026-05-15 23:25:11,913] INFO django.utils.autoreload autoreload Watching for file changes with StatReloader
[2026-05-15 23:25:39,325] INFO django.utils.autoreload autoreload Watching for file changes with StatReloader
[2026-05-15 23:25:42,990] INFO django.server log "GET /dashboard/admin/ HTTP/1.1" 200 44141
[2026-05-15 23:25:45,504] INFO django.server log "GET /complaints/public-log/ HTTP/1.1" 200 33032
[2026-05-15 23:29:13,861] INFO django.server log "GET /student/dashboard/ HTTP/1.1" 200 43381
[2026-05-15 23:29:16,939] INFO django.server log "GET /complaints/public-log/ HTTP/1.1" 200 33032
[2026-05-15 23:29:22,835] INFO django.server log "GET /complaints/submit/ HTTP/1.1" 200 30042
[2026-05-15 23:29:25,614] INFO django.server log "GET /student/dashboard/ HTTP/1.1" 200 43381
[2026-05-15 23:29:27,270] INFO django.server log "GET /feedback/submit/ HTTP/1.1" 302 0
[2026-05-15 23:29:27,364] INFO django.server log "GET /feedback/my-feedback/ HTTP/1.1" 200 32945
[2026-05-15 23:29:45,807] INFO django.server log "GET / HTTP/1.1" 302 0
[2026-05-15 23:29:45,874] INFO django.server log "GET /dashboard/admin/ HTTP/1.1" 200 44141
[2026-05-15 23:29:50,789] INFO django.server log "GET /feedback/admin/feedback-periods/ HTTP/1.1" 200 30736
[2026-05-15 23:30:13,117] INFO django.server log "GET /feedback/admin/feedback-periods/1/delete/ HTTP/1.1" 200 28738
[2026-05-15 23:30:14,426] INFO django.server log "POST /feedback/admin/feedback-periods/1/delete/ HTTP/1.1" 302 0
[2026-05-15 23:30:14,482] INFO django.server log "GET /feedback/admin/feedback-periods/ HTTP/1.1" 200 30713
[2026-05-15 23:30:15,879] INFO django.server log "GET /feedback/admin/feedback-periods/3/delete/ HTTP/1.1" 200 28738
[2026-05-15 23:30:17,693] INFO django.server log "GET /feedback/admin/feedback-periods/ HTTP/1.1" 200 30136
[2026-05-15 23:30:18,566] INFO django.server log "GET /feedback/admin/feedback-periods/2/delete/ HTTP/1.1" 200 28738
[2026-05-15 23:30:19,646] INFO django.server log "POST /feedback/admin/feedback-periods/2/delete/ HTTP/1.1" 302 0
[2026-05-15 23:30:19,684] INFO django.server log "GET /feedback/admin/feedback-periods/ HTTP/1.1" 200 30113
[2026-05-15 23:30:20,970] INFO django.server log "GET /feedback/admin/feedback-periods/3/delete/ HTTP/1.1" 200 28738
[2026-05-15 23:30:21,896] INFO django.server log "POST /feedback/admin/feedback-periods/3/delete/ HTTP/1.1" 302 0
[2026-05-15 23:30:22,004] INFO django.server log "GET /feedback/admin/feedback-periods/ HTTP/1.1" 200 29767
[2026-05-15 23:30:23,452] INFO django.server log "GET /feedback/admin/feedback-periods/add/ HTTP/1.1" 200 30584
[2026-05-15 23:30:59,977] INFO django.server log "POST /feedback/admin/feedback-periods/add/ HTTP/1.1" 302 0
[2026-05-15 23:31:00,041] INFO django.server log "GET /feedback/admin/feedback-periods/ HTTP/1.1" 200 30093
[2026-05-15 23:31:03,534] INFO django.server log "GET / HTTP/1.1" 302 0
[2026-05-15 23:31:03,642] INFO django.server log "GET /dashboard/admin/ HTTP/1.1" 200 44141
[2026-05-15 23:31:06,305] INFO django.server log "GET /complaints/public-log/ HTTP/1.1" 200 20407
[2026-05-15 23:32:22,817] INFO django.utils.autoreload autoreload Watching for file changes with StatReloader
[2026-05-15 23:32:29,408] INFO django.server log "GET /complaints/public-log/ HTTP/1.1" 200 33032
[2026-05-15 23:33:04,693] INFO django.utils.autoreload autoreload Watching for file changes with StatReloader
[2026-05-15 23:33:08,500] INFO django.server log "GET /complaints/public-log/ HTTP/1.1" 200 33032
[2026-05-15 23:33:10,505] INFO django.server log "GET /complaints/public-log/ HTTP/1.1" 200 33032
[2026-05-15 23:33:11,323] INFO django.server log "GET /complaints/public-log/ HTTP/1.1" 200 33032
[2026-05-15 23:33:17,308] INFO django.server log "GET /complaints/public-log/ HTTP/1.1" 200 33032
[2026-05-15 23:33:36,136] INFO django.utils.autoreload autoreload Watching for file changes with StatReloader
[2026-05-15 23:33:39,851] INFO django.server log "GET /complaints/public-log/ HTTP/1.1" 200 20407
[2026-05-15 23:34:15,108] INFO django.utils.autoreload autoreload Watching for file changes with StatReloader
[2026-05-15 23:34:28,548] INFO django.server log "GET /complaints/public-log/ HTTP/1.1" 200 34056
[2026-05-15 23:34:46,640] INFO django.server log "GET /feedback/my-feedback/ HTTP/1.1" 200 32315
[2026-05-15 23:34:48,374] INFO django.server log "GET /complaints/public-log/ HTTP/1.1" 200 34056
[2026-05-15 23:34:56,541] INFO django.server log "GET / HTTP/1.1" 302 0
[2026-05-15 23:34:56,669] INFO django.server log "GET /student/dashboard/ HTTP/1.1" 200 43381
[2026-05-15 23:35:20,114] INFO django.server log "GET /feedback/submit/ HTTP/1.1" 302 0
[2026-05-15 23:35:20,149] INFO django.server log "GET /feedback/my-feedback/ HTTP/1.1" 200 32945
[2026-05-15 23:35:23,073] INFO django.server log "GET /feedback/my-feedback/ HTTP/1.1" 200 32315
[2026-05-15 23:35:24,654] INFO django.server log "GET / HTTP/1.1" 302 0
[2026-05-15 23:35:24,721] INFO django.server log "GET /student/dashboard/ HTTP/1.1" 200 43381
[2026-05-15 23:35:26,960] INFO django.server log "GET /feedback/submit/ HTTP/1.1" 302 0
[2026-05-15 23:35:27,011] INFO django.server log "GET /feedback/my-feedback/ HTTP/1.1" 200 32945
[2026-05-15 23:35:28,669] INFO django.server log "GET /feedback/submit/ HTTP/1.1" 302 0
[2026-05-15 23:35:28,716] INFO django.server log "GET /feedback/my-feedback/ HTTP/1.1" 200 32945
[2026-05-15 23:35:29,924] INFO django.server log "GET /feedback/submit/ HTTP/1.1" 302 0
[2026-05-15 23:35:29,959] INFO django.server log "GET /feedback/my-feedback/ HTTP/1.1" 200 32945
[2026-05-15 23:35:31,065] INFO django.server log "GET /feedback/submit/ HTTP/1.1" 302 0
[2026-05-15 23:35:31,097] INFO django.server log "GET /feedback/my-feedback/ HTTP/1.1" 200 32945
[2026-05-15 23:35:42,777] INFO django.server log "GET / HTTP/1.1" 302 0
[2026-05-15 23:35:42,861] INFO django.server log "GET /dashboard/admin/ HTTP/1.1" 200 44141
[2026-05-15 23:35:46,234] INFO django.server log "GET /feedback/admin/feedback-periods/ HTTP/1.1" 200 29536
[2026-05-15 23:35:57,443] INFO django.server log "GET / HTTP/1.1" 302 0
[2026-05-15 23:35:57,489] INFO django.server log "GET /dashboard/admin/ HTTP/1.1" 200 44141
[2026-05-15 23:36:00,862] INFO django.server log "GET /feedback/admin/registrations/ HTTP/1.1" 200 104937
[2026-05-15 23:36:35,135] INFO django.server log "GET / HTTP/1.1" 302 0
[2026-05-15 23:36:35,203] INFO django.server log "GET /dashboard/admin/ HTTP/1.1" 200 44141
[2026-05-15 23:40:28,531] INFO django.server log "GET /feedback/admin/feedback-periods/ HTTP/1.1" 200 29536
[2026-05-15 23:41:59,089] INFO django.utils.autoreload autoreload C:\Users\fairo\Music\Py_feed2_recent\FeedbackFlow\feedback\urls.py changed, reloading.
[2026-05-15 23:42:01,439] INFO django.utils.autoreload autoreload Watching for file changes with StatReloader
[2026-05-15 23:42:15,661] INFO django.utils.autoreload autoreload C:\Users\fairo\Music\Py_feed2_recent\FeedbackFlow\feedback\views.py changed, reloading.
[2026-05-15 23:42:17,094] INFO django.utils.autoreload autoreload Watching for file changes with StatReloader
[2026-05-15 23:43:46,326] INFO django.utils.autoreload autoreload Watching for file changes with StatReloader
[2026-05-15 23:43:53,246] INFO django.server log "GET /feedback/admin/feedback-periods/ HTTP/1.1" 200 30181
[2026-05-15 23:44:02,214] INFO django.server log "POST /feedback/admin/feedback-periods/4/toggle/ HTTP/1.1" 302 0
[2026-05-15 23:44:02,267] INFO django.server log "GET /feedback/admin/feedback-periods/ HTTP/1.1" 200 30704
[2026-05-15 23:44:04,765] INFO django.server log "POST /feedback/admin/feedback-periods/4/toggle/ HTTP/1.1" 302 0
[2026-05-15 23:44:04,817] INFO django.server log "GET /feedback/admin/feedback-periods/ HTTP/1.1" 200 30769
[2026-05-15 23:44:12,172] INFO django.server log "GET /feedback/admin/feedback-periods/add/ HTTP/1.1" 200 30584
[2026-05-15 23:44:27,334] INFO django.server log "GET /feedback/admin/feedback-periods/4/delete/ HTTP/1.1" 200 28738
[2026-05-15 23:44:28,591] INFO django.server log "POST /feedback/admin/feedback-periods/4/delete/ HTTP/1.1" 302 0
[2026-05-15 23:44:28,636] INFO django.server log "GET /feedback/admin/feedback-periods/ HTTP/1.1" 200 29767
[2026-05-15 23:44:41,060] INFO django.server log "GET /feedback/admin/feedback-periods/add/ HTTP/1.1" 200 30584
[2026-05-15 23:45:15,143] INFO django.server log "POST /feedback/admin/feedback-periods/add/ HTTP/1.1" 302 0
[2026-05-15 23:45:15,172] INFO django.server log "GET /feedback/admin/feedback-periods/ HTTP/1.1" 200 30733
[2026-05-15 23:45:23,260] INFO django.server log "GET /feedback/my-feedback/ HTTP/1.1" 200 32315
[2026-05-15 23:45:25,172] INFO django.server log "GET /feedback/submit/ HTTP/1.1" 200 34062
[2026-05-15 23:45:38,895] INFO django.server log "POST /feedback/submit/ HTTP/1.1" 302 0
[2026-05-15 23:45:38,958] INFO django.server log "GET /feedback/my-feedback/ HTTP/1.1" 200 35527
[2026-05-15 23:45:58,029] INFO django.server log "GET /feedback/admin/feedback-periods/add/ HTTP/1.1" 200 30584
[2026-05-15 23:46:37,584] INFO django.server log "POST /feedback/admin/feedback-periods/add/ HTTP/1.1" 302 0
[2026-05-15 23:46:37,622] INFO django.server log "GET /feedback/admin/feedback-periods/ HTTP/1.1" 200 31978
[2026-05-15 23:46:59,923] INFO django.server log "POST /feedback/admin/feedback-periods/5/toggle/ HTTP/1.1" 302 0
[2026-05-15 23:46:59,961] INFO django.server log "GET /feedback/admin/feedback-periods/ HTTP/1.1" 200 31949
[2026-05-15 23:47:02,852] INFO django.server log "GET /feedback/admin/feedback-periods/5/delete/ HTTP/1.1" 200 28738
[2026-05-15 23:47:04,063] INFO django.server log "POST /feedback/admin/feedback-periods/5/delete/ HTTP/1.1" 302 0
[2026-05-15 23:47:04,103] INFO django.server log "GET /feedback/admin/feedback-periods/ HTTP/1.1" 200 30759
[2026-05-15 23:47:06,211] INFO django.server log "GET /feedback/admin/feedback-periods/6/delete/ HTTP/1.1" 200 28739
[2026-05-15 23:47:07,261] INFO django.server log "POST /feedback/admin/feedback-periods/6/delete/ HTTP/1.1" 302 0
[2026-05-15 23:47:07,369] INFO django.server log "GET /feedback/admin/feedback-periods/ HTTP/1.1" 200 29768
[2026-05-15 23:47:08,717] INFO django.server log "GET /feedback/admin/feedback-periods/add/ HTTP/1.1" 200 30584
[2026-05-15 23:47:35,543] INFO django.server log "POST /feedback/admin/feedback-periods/add/ HTTP/1.1" 302 0
[2026-05-15 23:47:35,600] INFO django.server log "GET /feedback/admin/feedback-periods/ HTTP/1.1" 200 30733
[2026-05-15 23:47:42,154] INFO django.server log "GET /feedback/submit/ HTTP/1.1" 200 34083
[2026-05-15 23:47:50,510] INFO django.server log "GET / HTTP/1.1" 302 0
[2026-05-15 23:47:50,749] INFO django.server log "GET /student/dashboard/ HTTP/1.1" 200 43507
[2026-05-15 23:47:52,596] INFO django.server log "GET /feedback/course-registration/ HTTP/1.1" 200 74605
[2026-05-15 23:47:55,753] INFO django.server log "GET / HTTP/1.1" 302 0
[2026-05-15 23:47:55,839] INFO django.server log "GET /student/dashboard/ HTTP/1.1" 200 43507
[2026-05-15 23:47:59,815] INFO django.server log "GET /feedback/submit/ HTTP/1.1" 200 34083
[2026-05-15 23:49:30,751] INFO django.server log "GET /feedback/admin/feedback-periods/add/ HTTP/1.1" 200 30584
[2026-05-15 23:50:18,265] INFO django.utils.autoreload autoreload C:\Users\fairo\Music\Py_feed2_recent\FeedbackFlow\feedback\forms.py changed, reloading.
[2026-05-15 23:50:20,166] INFO django.utils.autoreload autoreload Watching for file changes with StatReloader
[2026-05-15 23:51:17,628] INFO django.server log "GET /complaints/hod/faculty-complaint-summary/ HTTP/1.1" 200 20052
[2026-05-15 23:51:24,076] INFO django.server log "GET /complaints/hod/faculty-complaint-summary/?faculty_id=22 HTTP/1.1" 200 20613
[2026-05-15 23:51:31,039] INFO django.server log "GET /complaints/hod/faculty-complaint-summary/?faculty_id=24 HTTP/1.1" 200 41847
[2026-05-15 23:52:06,190] INFO django.utils.autoreload autoreload Watching for file changes with StatReloader
[2026-05-15 23:52:09,815] INFO django.server log "GET /feedback/submit/ HTTP/1.1" 200 34535
[2026-05-15 23:52:25,912] INFO django.server log "GET /notifications/ HTTP/1.1" 200 20856
[2026-05-15 23:52:33,645] INFO django.server log "POST /feedback/submit/ HTTP/1.1" 302 0
[2026-05-15 23:52:33,731] INFO django.server log "GET /feedback/submit/ HTTP/1.1" 200 35038
[2026-05-15 23:52:58,805] INFO django.server log "POST /feedback/submit/ HTTP/1.1" 302 0
[2026-05-15 23:52:58,859] INFO django.server log "GET /feedback/my-feedback/ HTTP/1.1" 200 38047
[2026-05-15 23:53:00,839] INFO django.server log "GET /notifications/ HTTP/1.1" 200 21761
[2026-05-15 23:53:05,482] INFO django.server log "GET / HTTP/1.1" 302 0
[2026-05-15 23:53:05,604] INFO django.server log "GET /student/dashboard/ HTTP/1.1" 200 43359
[2026-05-15 23:56:32,906] INFO django.utils.autoreload autoreload C:\Users\fairo\Music\Py_feed2_recent\FeedbackFlow\feedback\views.py changed, reloading.
[2026-05-15 23:56:35,168] INFO django.utils.autoreload autoreload Watching for file changes with StatReloader
[2026-05-16 00:01:02,201] INFO django.utils.autoreload autoreload C:\Users\fairo\Music\Py_feed2_recent\FeedbackFlow\feedback\views.py changed, reloading.
[2026-05-16 00:01:04,315] INFO django.utils.autoreload autoreload Watching for file changes with StatReloader
[2026-05-16 00:01:56,316] INFO django.utils.autoreload autoreload Watching for file changes with StatReloader
[2026-05-16 00:02:00,776] INFO django.server log "GET / HTTP/1.1" 302 0
[2026-05-16 00:02:00,969] INFO django.server log "GET /dashboard/admin/ HTTP/1.1" 200 44141
[2026-05-16 00:02:03,584] INFO django.server log "GET /dashboard/announcements/ HTTP/1.1" 200 29637
[2026-05-16 00:02:05,746] INFO django.server log "GET / HTTP/1.1" 302 0
[2026-05-16 00:02:05,806] INFO django.server log "GET /dashboard/admin/ HTTP/1.1" 200 44141
[2026-05-16 00:02:08,214] INFO django.server log "GET /feedback/admin/registrations/ HTTP/1.1" 200 104937
[2026-05-16 00:02:21,472] INFO django.server log "POST /feedback/admin/registrations/ HTTP/1.1" 302 0
[2026-05-16 00:02:21,559] INFO django.server log "GET /feedback/admin/registrations/ HTTP/1.1" 200 105623
[2026-05-16 00:02:27,292] INFO django.server log "GET / HTTP/1.1" 302 0
[2026-05-16 00:02:27,371] INFO django.server log "GET /dashboard/admin/ HTTP/1.1" 200 44141
[2026-05-16 00:02:29,394] INFO django.server log "GET /feedback/admin/feedback-periods/ HTTP/1.1" 200 30176
[2026-05-16 00:02:32,402] INFO django.server log "GET /feedback/admin/feedback-periods/7/delete/ HTTP/1.1" 200 28738
[2026-05-16 00:02:33,413] INFO django.server log "POST /feedback/admin/feedback-periods/7/delete/ HTTP/1.1" 302 0
[2026-05-16 00:02:33,481] INFO django.server log "GET /feedback/admin/feedback-periods/ HTTP/1.1" 200 29767
[2026-05-16 00:02:34,499] INFO django.server log "GET /feedback/admin/feedback-periods/add/ HTTP/1.1" 200 30584
[2026-05-16 00:02:59,360] INFO django.server log "POST /feedback/admin/feedback-periods/add/ HTTP/1.1" 302 0
[2026-05-16 00:02:59,405] INFO django.server log "GET /feedback/admin/feedback-periods/ HTTP/1.1" 200 30728
[2026-05-16 00:03:01,371] INFO django.server log "GET / HTTP/1.1" 302 0
[2026-05-16 00:03:01,446] INFO django.server log "GET /dashboard/admin/ HTTP/1.1" 200 44141
[2026-05-16 00:03:06,765] INFO django.server log "GET /feedback/submit/ HTTP/1.1" 302 0
[2026-05-16 00:03:06,871] INFO django.server log "GET /feedback/my-feedback/ HTTP/1.1" 200 37995
[2026-05-16 00:03:10,396] INFO django.server log "GET /feedback/my-feedback/ HTTP/1.1" 200 37365
[2026-05-16 00:03:12,129] INFO django.server log "GET /feedback/submit/ HTTP/1.1" 302 0
[2026-05-16 00:03:12,187] INFO django.server log "GET /feedback/my-feedback/ HTTP/1.1" 200 37995
[2026-05-16 00:03:21,901] INFO django.server log "GET /dashboard/announcements/ HTTP/1.1" 200 29637
[2026-05-16 00:03:24,678] INFO django.server log "GET /feedback/admin/feedback-periods/ HTTP/1.1" 200 30171
[2026-05-16 00:03:31,673] INFO django.server log "POST /feedback/admin/feedback-periods/8/toggle/ HTTP/1.1" 302 0
[2026-05-16 00:03:31,715] INFO django.server log "GET /feedback/admin/feedback-periods/ HTTP/1.1" 200 30685
[2026-05-16 00:03:33,593] INFO django.server log "POST /feedback/admin/feedback-periods/8/toggle/ HTTP/1.1" 302 0
[2026-05-16 00:03:33,636] INFO django.server log "GET /feedback/admin/feedback-periods/ HTTP/1.1" 200 30750
[2026-05-16 00:03:34,706] INFO django.server log "GET /feedback/admin/feedback-periods/add/ HTTP/1.1" 200 30584
[2026-05-16 00:03:55,797] INFO django.server log "POST /feedback/admin/feedback-periods/add/ HTTP/1.1" 302 0
[2026-05-16 00:03:55,832] INFO django.server log "GET /feedback/admin/feedback-periods/ HTTP/1.1" 200 31962
[2026-05-16 00:04:57,700] INFO django.utils.autoreload autoreload C:\Users\fairo\Music\Py_feed2_recent\FeedbackFlow\feedback\models.py changed, reloading.
[2026-05-16 00:05:00,313] INFO django.utils.autoreload autoreload Watching for file changes with StatReloader
[2026-05-16 00:06:00,699] INFO django.utils.autoreload autoreload Watching for file changes with StatReloader
[2026-05-16 00:06:09,491] INFO django.utils.autoreload autoreload Watching for file changes with StatReloader
[2026-05-16 00:06:12,092] INFO django.server log "GET /feedback/admin/feedback-periods/ HTTP/1.1" 200 31291
[2026-05-16 00:06:17,487] INFO django.server log "GET /feedback/admin/feedback-periods/9/delete/ HTTP/1.1" 200 28729
[2026-05-16 00:06:19,417] INFO django.server log "POST /feedback/admin/feedback-periods/9/delete/ HTTP/1.1" 302 0
[2026-05-16 00:06:19,478] INFO django.server log "GET /feedback/admin/feedback-periods/ HTTP/1.1" 200 30682
[2026-05-16 00:06:27,750] INFO django.server log "GET /feedback/admin/feedback-periods/8/delete/ HTTP/1.1" 200 28729
[2026-05-16 00:06:28,950] INFO django.server log "POST /feedback/admin/feedback-periods/8/delete/ HTTP/1.1" 302 0
[2026-05-16 00:06:28,993] INFO django.server log "GET /feedback/admin/feedback-periods/ HTTP/1.1" 200 29758
[2026-05-16 00:06:30,006] INFO django.server log "GET /feedback/admin/feedback-periods/add/ HTTP/1.1" 200 30584
[2026-05-16 00:06:49,273] INFO django.server log "POST /feedback/admin/feedback-periods/add/ HTTP/1.1" 302 0
[2026-05-16 00:06:49,341] INFO django.server log "GET /feedback/admin/feedback-periods/ HTTP/1.1" 200 30675
[2026-05-16 00:06:56,221] INFO django.server log "GET /feedback/submit/ HTTP/1.1" 200 34415
[2026-05-16 00:07:13,877] INFO django.server log "POST /feedback/submit/ HTTP/1.1" 302 0
[2026-05-16 00:07:14,000] INFO django.server log "GET /feedback/my-feedback/ HTTP/1.1" 200 40577
[2026-05-16 00:07:17,631] INFO django.server log "GET /feedback/submit/ HTTP/1.1" 200 34436
[2026-05-16 00:07:33,086] INFO django.server log "POST /feedback/submit/ HTTP/1.1" 302 0
[2026-05-16 00:07:33,213] INFO django.server log "GET /feedback/submit/ HTTP/1.1" 200 35056
[2026-05-16 00:07:40,284] INFO django.server log "GET / HTTP/1.1" 302 0
[2026-05-16 00:07:40,411] INFO django.server log "GET /student/dashboard/ HTTP/1.1" 200 43480
[2026-05-16 00:07:48,189] INFO django.server log "GET / HTTP/1.1" 302 0
[2026-05-16 00:07:48,321] INFO django.server log "GET /dashboard/admin/ HTTP/1.1" 200 44141
[2026-05-16 00:07:50,834] INFO django.server log "GET /dashboard/announcements/ HTTP/1.1" 200 29637
[2026-05-16 00:08:15,665] INFO django.server log "GET /dashboard/announcements/add/ HTTP/1.1" 200 31039
[2026-05-16 00:08:20,880] INFO django.server log "GET / HTTP/1.1" 302 0
[2026-05-16 00:08:20,962] INFO django.server log "GET /dashboard/admin/ HTTP/1.1" 200 44141
[2026-05-16 00:08:23,709] INFO django.server log "GET /dashboard/announcements/ HTTP/1.1" 200 29637
[2026-05-16 00:08:26,676] INFO django.server log "GET /dashboard/announcements/add/ HTTP/1.1" 200 31039
[2026-05-16 00:08:29,655] INFO django.server log "GET / HTTP/1.1" 302 0
[2026-05-16 00:08:29,745] INFO django.server log "GET /dashboard/admin/ HTTP/1.1" 200 44141
[2026-05-16 00:08:31,951] INFO django.server log "GET /dashboard/announcements/ HTTP/1.1" 200 29637
[2026-05-16 00:10:00,095] INFO django.utils.autoreload autoreload Watching for file changes with StatReloader
[2026-05-16 00:10:05,021] INFO django.server log "GET /dashboard/announcements/1/delete/ HTTP/1.1" 200 28712
[2026-05-16 00:10:06,241] INFO django.server log "POST /dashboard/announcements/1/delete/ HTTP/1.1" 302 0
[2026-05-16 00:10:06,372] INFO django.server log "GET /dashboard/announcements/ HTTP/1.1" 200 29738
[2026-05-16 00:10:07,404] INFO django.server log "GET /dashboard/announcements/add/ HTTP/1.1" 200 31039
[2026-05-16 00:11:18,892] INFO django.server log "POST /dashboard/announcements/add/ HTTP/1.1" 302 0
[2026-05-16 00:11:18,950] INFO django.server log "GET /dashboard/announcements/ HTTP/1.1" 200 30201
[2026-05-16 00:11:26,406] INFO django.server log "GET /student/dashboard/ HTTP/1.1" 200 43480
[2026-05-16 00:11:28,014] INFO django.server log "GET /student/dashboard/ HTTP/1.1" 200 43480
[2026-05-16 00:11:30,136] INFO django.server log "GET /notifications/ HTTP/1.1" 200 22663
[2026-05-16 00:11:35,861] INFO django.server log "GET / HTTP/1.1" 302 0
[2026-05-16 00:11:35,949] INFO django.server log "GET /student/dashboard/ HTTP/1.1" 200 43360
[2026-05-16 00:13:31,536] INFO django.server log "GET /logout/ HTTP/1.1" 302 0
[2026-05-16 00:13:31,610] INFO django.server log "GET /login/ HTTP/1.1" 200 19425
[2026-05-16 00:13:39,141] INFO django.server log "GET / HTTP/1.1" 200 37260
[2026-05-16 00:13:41,995] INFO django.server log "GET / HTTP/1.1" 200 37260
[2026-05-16 00:13:43,804] INFO django.server log "GET / HTTP/1.1" 200 37260
[2026-05-16 00:13:44,594] INFO django.server log "GET / HTTP/1.1" 200 37260
[2026-05-16 00:13:45,451] INFO django.server log "GET / HTTP/1.1" 200 37260
[2026-05-16 00:13:46,069] INFO django.server log "GET / HTTP/1.1" 200 37260
[2026-05-16 00:13:46,781] INFO django.server log "GET / HTTP/1.1" 200 37260
[2026-05-16 00:13:53,814] INFO django.server log "GET / HTTP/1.1" 200 37260
[2026-05-16 00:13:54,607] INFO django.server log "GET / HTTP/1.1" 200 37260
[2026-05-16 00:13:55,516] INFO django.server log "GET / HTTP/1.1" 200 37260
[2026-05-16 00:14:01,277] INFO django.server log "GET / HTTP/1.1" 200 37260
[2026-05-16 00:14:06,978] INFO django.server log "GET /complaints/public-log/ HTTP/1.1" 200 33856
[2026-05-16 00:14:18,044] INFO django.server log "GET /complaints/public-log/ HTTP/1.1" 200 33856
[2026-05-16 00:14:28,198] INFO django.server log "GET / HTTP/1.1" 200 37260
[2026-05-16 00:14:43,453] INFO django.server log "GET /login/ HTTP/1.1" 200 19113
[2026-05-16 00:14:50,820] INFO django.server log "POST /login/ HTTP/1.1" 302 0
[2026-05-16 00:14:50,922] INFO django.server log "GET /student/dashboard/ HTTP/1.1" 200 43901
[2026-05-16 00:16:00,731] INFO django.utils.autoreload autoreload C:\Users\fairo\Music\Py_feed2_recent\FeedbackFlow\users\forms.py changed, reloading.
[2026-05-16 00:16:03,126] INFO django.utils.autoreload autoreload Watching for file changes with StatReloader
[2026-05-16 00:17:37,135] INFO django.utils.autoreload autoreload Watching for file changes with StatReloader
[2026-05-16 00:19:38,232] INFO django.utils.autoreload autoreload Watching for file changes with StatReloader
[2026-05-16 00:19:46,159] INFO django.server log "GET /student/dashboard/ HTTP/1.1" 200 43360
[2026-05-16 00:19:57,335] INFO django.server log "GET /student/dashboard/ HTTP/1.1" 200 43360
[2026-05-16 00:20:02,919] INFO django.server log "GET /dashboard/announcements/ HTTP/1.1" 200 29647
[2026-05-16 00:20:04,452] INFO django.server log "GET /dashboard/announcements/ HTTP/1.1" 200 29647
[2026-05-16 00:20:05,179] INFO django.server log "GET /dashboard/announcements/ HTTP/1.1" 200 29647
[2026-05-16 00:20:10,265] INFO django.server log "GET /student/dashboard/ HTTP/1.1" 200 43360
[2026-05-16 00:20:40,393] INFO django.server log "GET /student/dashboard/ HTTP/1.1" 200 43360
[2026-05-16 00:20:51,828] INFO django.server log "GET /logout/ HTTP/1.1" 302 0
[2026-05-16 00:20:51,869] INFO django.server log "GET /login/ HTTP/1.1" 200 19425
[2026-05-16 00:20:56,906] INFO django.server log "POST /login/ HTTP/1.1" 302 0
[2026-05-16 00:20:56,987] INFO django.server log "GET /student/dashboard/ HTTP/1.1" 200 43901
[2026-05-16 00:22:28,218] INFO django.server log "GET /dashboard/announcements/add/ HTTP/1.1" 200 31347
[2026-05-16 00:22:38,061] INFO django.server log "GET /dashboard/announcements/ HTTP/1.1" 200 29647
[2026-05-16 00:27:52,151] INFO django.utils.autoreload autoreload Watching for file changes with StatReloader
[2026-05-16 00:27:56,017] INFO django.server log "GET /student/dashboard/ HTTP/1.1" 200 44119
[2026-05-16 00:28:50,538] INFO django.server log "GET /dashboard/announcements/ HTTP/1.1" 200 29657
[2026-05-16 00:28:56,360] INFO django.server log "GET /logout/ HTTP/1.1" 302 0
[2026-05-16 00:28:56,438] INFO django.server log "GET /login/ HTTP/1.1" 200 19435
[2026-05-16 00:28:58,027] INFO django.server log "GET / HTTP/1.1" 200 37093
[2026-05-16 00:29:02,611] INFO django.server log "GET /login/ HTTP/1.1" 200 19123
[2026-05-16 00:29:07,032] INFO django.server log "POST /login/ HTTP/1.1" 302 0
[2026-05-16 00:29:07,121] INFO django.server log "GET /student/dashboard/ HTTP/1.1" 200 44660
[2026-05-16 00:29:22,314] INFO django.server log "GET /student/dashboard/ HTTP/1.1" 200 44119
[2026-05-16 00:29:39,773] INFO django.server log "GET / HTTP/1.1" 302 0
[2026-05-16 00:29:39,893] INFO django.server log "GET /dashboard/admin/ HTTP/1.1" 200 44151
[2026-05-16 00:29:43,643] INFO django.server log "GET /feedback/admin/registrations/ HTTP/1.1" 200 105078
[2026-05-16 00:29:51,886] INFO django.server log "GET / HTTP/1.1" 302 0
[2026-05-16 00:29:51,948] INFO django.server log "GET /dashboard/admin/ HTTP/1.1" 200 44151
[2026-05-16 00:30:01,656] INFO django.server log "GET /dashboard/announcements/ HTTP/1.1" 200 29657
[2026-05-16 00:30:08,412] INFO django.server log "GET / HTTP/1.1" 302 0
[2026-05-16 00:30:08,504] INFO django.server log "GET /dashboard/admin/ HTTP/1.1" 200 44151
[2026-05-16 00:30:12,416] INFO django.server log "GET /feedback/admin/courses/ HTTP/1.1" 200 79055
[2026-05-16 00:31:18,826] INFO django.server log "GET /feedback/admin/courses/?search=cse102&department=CSE&active=active HTTP/1.1" 200 37087
[2026-05-16 00:31:28,394] INFO django.server log "GET /feedback/admin/courses/ HTTP/1.1" 200 79055
[2026-05-16 00:31:35,978] INFO django.server log "GET /feedback/admin/courses/add/ HTTP/1.1" 200 19699
[2026-05-16 00:31:42,055] INFO django.server log "GET /feedback/admin/assignments/ HTTP/1.1" 200 52605
[2026-05-16 00:31:44,570] INFO django.server log "GET /feedback/admin/assignments/add/ HTTP/1.1" 200 22866
[2026-05-16 00:32:12,128] INFO django.server log "POST /feedback/admin/assignments/add/ HTTP/1.1" 200 23426
[2026-05-16 00:32:19,239] INFO django.server log "POST /feedback/admin/assignments/add/ HTTP/1.1" 200 23426
[2026-05-16 00:32:48,862] INFO django.server log "GET / HTTP/1.1" 302 0
[2026-05-16 00:32:49,056] INFO django.server log "GET /dashboard/admin/ HTTP/1.1" 200 44151
[2026-05-16 00:32:54,069] INFO django.server log "GET /feedback/admin/courses/ HTTP/1.1" 200 79055
[2026-05-16 00:33:02,648] INFO django.server log "GET / HTTP/1.1" 302 0
[2026-05-16 00:33:02,801] INFO django.server log "GET /dashboard/admin/ HTTP/1.1" 200 44151
[2026-05-16 00:33:06,029] INFO django.server log "GET /dashboard/users/ HTTP/1.1" 200 140278
[2026-05-16 00:33:17,736] INFO django.server log "GET / HTTP/1.1" 302 0
[2026-05-16 00:33:17,819] INFO django.server log "GET /dashboard/admin/ HTTP/1.1" 200 44151
[2026-05-16 00:37:37,808] INFO django.utils.autoreload autoreload C:\Users\fairo\Music\Py_feed2_recent\FeedbackFlow\feedback\views.py changed, reloading.
[2026-05-16 00:37:41,600] INFO django.utils.autoreload autoreload Watching for file changes with StatReloader
[2026-05-16 00:37:50,939] INFO django.utils.autoreload autoreload C:\Users\fairo\Music\Py_feed2_recent\FeedbackFlow\feedback\urls.py changed, reloading.
[2026-05-16 00:37:53,395] INFO django.utils.autoreload autoreload Watching for file changes with StatReloader
[2026-05-16 00:39:42,868] INFO django.utils.autoreload autoreload Watching for file changes with StatReloader
[2026-05-16 00:39:51,223] INFO django.server log "GET /feedback/admin/assignments/ HTTP/1.1" 200 78324
[2026-05-16 00:40:02,854] INFO django.server log "GET /feedback/admin/assignments/4/edit/ HTTP/1.1" 200 22875
[2026-05-16 00:40:14,314] INFO django.server log "POST /feedback/admin/assignments/4/edit/ HTTP/1.1" 302 0
[2026-05-16 00:40:14,507] INFO django.server log "GET /feedback/admin/assignments/ HTTP/1.1" 200 78880
[2026-05-16 00:40:18,066] INFO django.server log "GET / HTTP/1.1" 302 0
[2026-05-16 00:40:18,186] INFO django.server log "GET /dashboard/admin/ HTTP/1.1" 200 44151
[2026-05-16 00:40:21,172] INFO django.server log "GET /feedback/admin/courses/ HTTP/1.1" 200 86645
[2026-05-16 00:40:35,260] INFO django.server log "GET /feedback/admin/assignments/?course_id=12 HTTP/1.1" 200 17336
[2026-05-16 00:40:39,995] INFO django.server log "GET /feedback/admin/assignments/add/ HTTP/1.1" 200 22866
[2026-05-16 00:40:50,310] INFO django.server log "GET /feedback/admin/assignments/add/ HTTP/1.1" 200 22866
[2026-05-16 00:44:14,116] INFO django.utils.autoreload autoreload C:\Users\fairo\Music\Py_feed2_recent\FeedbackFlow\feedback\models.py changed, reloading.
[2026-05-16 00:44:17,840] INFO django.utils.autoreload autoreload Watching for file changes with StatReloader
[2026-05-16 00:45:32,519] INFO django.utils.autoreload autoreload C:\Users\fairo\Music\Py_feed2_recent\FeedbackFlow\feedback\forms.py changed, reloading.
[2026-05-16 00:45:34,837] INFO django.utils.autoreload autoreload Watching for file changes with StatReloader
[2026-05-16 00:47:30,342] INFO django.utils.autoreload autoreload Watching for file changes with StatReloader
[2026-05-16 00:47:36,937] INFO django.server log "GET /feedback/admin/assignments/add/ HTTP/1.1" 200 24950
[2026-05-16 00:51:13,357] INFO django.utils.autoreload autoreload Watching for file changes with StatReloader
[2026-05-16 00:51:17,384] INFO django.server log "GET /feedback/admin/assignments/add/ HTTP/1.1" 200 26273
[2026-05-16 00:55:07,564] INFO django.server log "GET /feedback/admin/courses/add/ HTTP/1.1" 200 19699
[2026-05-16 00:55:36,529] INFO django.utils.autoreload autoreload C:\Users\fairo\Music\Py_feed2_recent\FeedbackFlow\feedback\forms.py changed, reloading.
[2026-05-16 00:55:38,559] INFO django.utils.autoreload autoreload Watching for file changes with StatReloader
[2026-05-16 00:56:33,246] INFO django.utils.autoreload autoreload Watching for file changes with StatReloader
[2026-05-16 00:56:39,326] INFO django.server log "GET /feedback/admin/assignments/add/ HTTP/1.1" 200 27129
[2026-05-16 00:56:41,623] INFO django.server log "GET /feedback/admin/assignments/add/ HTTP/1.1" 200 27129
[2026-05-16 00:56:42,424] INFO django.server log "GET /feedback/admin/assignments/add/ HTTP/1.1" 200 27129
[2026-05-16 00:56:43,085] INFO django.server log "GET /feedback/admin/assignments/add/ HTTP/1.1" 200 27129
[2026-05-16 00:56:56,992] INFO django.utils.autoreload autoreload Watching for file changes with StatReloader
[2026-05-16 00:57:00,801] INFO django.server log "GET /feedback/admin/assignments/add/ HTTP/1.1" 200 27129
[2026-05-16 00:57:03,069] INFO django.server log "GET /feedback/admin/assignments/add/ HTTP/1.1" 200 27129
[2026-05-16 00:57:06,583] INFO django.server log "GET / HTTP/1.1" 302 0
[2026-05-16 00:57:06,734] INFO django.server log "GET /dashboard/admin/ HTTP/1.1" 200 44151
[2026-05-16 00:57:10,390] INFO django.server log "GET /feedback/admin/courses/add/ HTTP/1.1" 200 19699
[2026-05-16 00:57:13,638] INFO django.server log "GET /feedback/admin/courses/ HTTP/1.1" 200 86645
[2026-05-16 00:57:18,634] INFO django.server log "GET /feedback/admin/assignments/?course_id=44 HTTP/1.1" 200 17370
[2026-05-16 00:57:20,209] INFO django.server log "GET /feedback/admin/assignments/add/ HTTP/1.1" 200 27129
[2026-05-16 00:57:27,114] INFO django.server log "GET / HTTP/1.1" 302 0
[2026-05-16 00:57:27,163] INFO django.server log "GET /dashboard/admin/ HTTP/1.1" 200 44151
[2026-05-16 00:57:41,978] INFO django.server log "GET /feedback/admin/courses/ HTTP/1.1" 200 86645
[2026-05-16 00:57:43,952] INFO django.server log "GET /feedback/admin/courses/add/ HTTP/1.1" 200 19699
[2026-05-16 00:57:46,898] INFO django.server log "GET /feedback/admin/assignments/ HTTP/1.1" 200 78321
[2026-05-16 00:57:49,685] INFO django.server log "GET /feedback/admin/assignments/add/ HTTP/1.1" 200 27129
[2026-05-16 00:59:49,172] INFO django.utils.autoreload autoreload Watching for file changes with StatReloader
[2026-05-16 00:59:54,112] INFO django.server log "GET /feedback/admin/assignments/add/ HTTP/1.1" 200 27525
[2026-05-16 01:03:21,645] INFO django.server log "GET /feedback/admin/courses/add/ HTTP/1.1" 200 19699
[2026-05-16 01:07:06,728] INFO django.utils.autoreload autoreload Watching for file changes with StatReloader
[2026-05-16 01:07:54,462] INFO django.server log "GET /feedback/admin/assignments/add/ HTTP/1.1" 302 0
[2026-05-16 01:07:54,840] INFO django.server log "GET /login/?next=/feedback/admin/assignments/add/ HTTP/1.1" 200 19123
[2026-05-16 01:07:56,292] WARNING django.request log Not Found: /favicon.ico
[2026-05-16 01:07:56,299] WARNING django.server log "GET /favicon.ico HTTP/1.1" 404 14522
[2026-05-16 01:10:01,780] INFO django.server log "POST /login/?next=/feedback/admin/assignments/add/ HTTP/1.1" 200 19462
[2026-05-16 01:10:27,558] INFO django.server log "GET / HTTP/1.1" 200 37093
[2026-05-16 01:10:38,821] INFO django.server log "GET /feedback/admin/assignments/add/ HTTP/1.1" 302 0
[2026-05-16 01:10:38,870] INFO django.server log "GET /login/?next=/feedback/admin/assignments/add/ HTTP/1.1" 200 19123
[2026-05-16 01:12:01,212] INFO django.server log "POST /login/?next=/feedback/admin/assignments/add/ HTTP/1.1" 200 19684
[2026-05-16 01:12:29,691] INFO django.server log "POST /login/?next=/feedback/admin/assignments/add/ HTTP/1.1" 200 19591
[2026-05-16 01:12:56,186] INFO django.server log "POST /login/?next=/feedback/admin/assignments/add/ HTTP/1.1" 200 19591
[2026-05-16 01:13:06,619] INFO django.server log "GET /login/ HTTP/1.1" 200 19123
[2026-05-16 01:13:19,992] INFO django.server log "GET / HTTP/1.1" 200 37093
[2026-05-16 01:13:35,563] INFO django.server log "GET /feedback/admin/assignments/add/ HTTP/1.1" 302 0
[2026-05-16 01:13:35,609] INFO django.server log "GET /login/?next=/feedback/admin/assignments/add/ HTTP/1.1" 200 19123
[2026-05-16 01:14:18,917] INFO django.server log "POST /login/?next=/feedback/admin/assignments/add/ HTTP/1.1" 200 19673
[2026-05-16 01:14:36,691] INFO django.server log "GET /login/ HTTP/1.1" 200 19123
[2026-05-16 01:14:56,002] INFO django.server log "POST /login/ HTTP/1.1" 200 19470
[2026-05-16 01:15:24,844] INFO django.server log "POST /login/ HTTP/1.1" 302 0
[2026-05-16 01:15:25,627] INFO django.server log "GET /dashboard/admin/ HTTP/1.1" 200 44692
[2026-05-16 01:16:09,900] INFO django.server log "GET /feedback/admin/courses/ HTTP/1.1" 200 86645
[2026-05-16 01:16:12,964] INFO django.server log "GET /feedback/admin/assignments/?course_id=42 HTTP/1.1" 200 17358
[2026-05-16 01:16:15,729] INFO django.server log "GET /feedback/admin/assignments/add/ HTTP/1.1" 200 27525
[2026-05-16 01:17:53,965] INFO django.utils.autoreload autoreload Watching for file changes with StatReloader
[2026-05-16 01:17:58,461] INFO django.server log "GET /feedback/admin/assignments/add/ HTTP/1.1" 200 27542
[2026-05-16 01:18:07,237] INFO django.server log "GET /feedback/admin/assignments/add/ HTTP/1.1" 200 27542
[2026-05-16 01:19:47,989] INFO django.utils.autoreload autoreload C:\Users\fairo\Music\Py_feed2_recent\FeedbackFlow\feedback\forms.py changed, reloading.
[2026-05-16 01:19:48,392] INFO django.utils.autoreload autoreload C:\Users\fairo\Music\Py_feed2_recent\FeedbackFlow\feedback\forms.py changed, reloading.
[2026-05-16 01:19:51,409] INFO django.utils.autoreload autoreload Watching for file changes with StatReloader
[2026-05-16 01:19:51,898] INFO django.utils.autoreload autoreload Watching for file changes with StatReloader
[2026-05-16 01:20:06,835] INFO django.utils.autoreload autoreload C:\Users\fairo\Music\Py_feed2_recent\FeedbackFlow\feedback\models.py changed, reloading.
[2026-05-16 01:20:07,078] INFO django.utils.autoreload autoreload C:\Users\fairo\Music\Py_feed2_recent\FeedbackFlow\feedback\models.py changed, reloading.
[2026-05-16 01:20:07,790] INFO django.utils.autoreload autoreload Watching for file changes with StatReloader
[2026-05-16 01:20:08,264] INFO django.utils.autoreload autoreload Watching for file changes with StatReloader
[2026-05-16 01:20:21,208] INFO django.server log "GET / HTTP/1.1" 302 0
[2026-05-16 01:20:21,389] INFO django.server log "GET /dashboard/admin/ HTTP/1.1" 200 44151
[2026-05-16 01:20:51,255] INFO django.server log "GET /feedback/admin/courses/ HTTP/1.1" 200 86645
[2026-05-16 01:20:56,444] INFO django.server log "GET /feedback/admin/assignments/?course_id=42 HTTP/1.1" 200 17358
[2026-05-16 01:21:01,512] INFO django.server log "GET /feedback/admin/assignments/add/ HTTP/1.1" 200 22866
[2026-05-16 01:21:45,168] INFO django.server log "GET /feedback/admin/assignments/add/ HTTP/1.1" 200 22866
[2026-05-16 01:22:04,227] INFO django.utils.autoreload autoreload Watching for file changes with StatReloader
[2026-05-16 01:22:09,454] INFO django.server log "GET /feedback/admin/assignments/add/ HTTP/1.1" 200 22866
[2026-05-16 01:24:21,171] INFO django.server log "GET / HTTP/1.1" 302 0
[2026-05-16 01:24:21,550] INFO django.server log "GET /dashboard/admin/ HTTP/1.1" 200 44151
[2026-05-16 01:24:33,462] INFO django.server log "GET /admin/login/?next=/admin/feedback/courseregistration/ HTTP/1.1" 302 0
[2026-05-16 01:24:33,700] INFO django.server log "GET /admin/ HTTP/1.1" 200 18491
[2026-05-16 01:24:48,625] INFO django.server log "GET /feedback/admin/courses/add/ HTTP/1.1" 200 19699
[2026-05-16 01:24:55,746] INFO django.server log "GET /feedback/admin/assignments/ HTTP/1.1" 200 78321
[2026-05-16 01:25:20,292] INFO django.server log "GET /feedback/admin/assignments/148/edit/ HTTP/1.1" 200 22875
[2026-05-16 01:25:27,564] INFO django.server log "POST /feedback/admin/assignments/148/edit/ HTTP/1.1" 302 0
[2026-05-16 01:25:27,671] INFO django.server log "GET /feedback/admin/assignments/ HTTP/1.1" 200 78879
[2026-05-16 01:25:34,278] INFO django.server log "GET /feedback/admin/assignments/add/ HTTP/1.1" 200 22866
[2026-05-16 01:25:59,417] INFO django.server log "GET / HTTP/1.1" 302 0
[2026-05-16 01:25:59,474] INFO django.server log "GET /dashboard/admin/ HTTP/1.1" 200 44151
[2026-05-16 01:26:03,148] INFO django.server log "GET /feedback/admin/assignments/ HTTP/1.1" 200 78320
[2026-05-16 01:26:07,289] INFO django.server log "GET / HTTP/1.1" 302 0
[2026-05-16 01:26:07,336] INFO django.server log "GET /dashboard/admin/ HTTP/1.1" 200 44151
[2026-05-16 01:26:10,930] INFO django.server log "GET /feedback/admin/courses/ HTTP/1.1" 200 86645
[2026-05-16 01:26:23,693] INFO django.server log "GET /feedback/admin/assignments/?course_id=45 HTTP/1.1" 200 17402
[2026-05-16 01:26:34,508] INFO django.server log "GET / HTTP/1.1" 302 0
[2026-05-16 01:26:34,552] INFO django.server log "GET /dashboard/admin/ HTTP/1.1" 200 44151
[2026-05-16 01:26:37,693] INFO django.server log "GET /feedback/admin/courses/ HTTP/1.1" 200 86645
[2026-05-16 01:27:11,294] INFO django.server log "GET /feedback/admin/courses/?search=ARCH101&department=Architecture&active=inactive HTTP/1.1" 200 36491
[2026-05-16 01:27:24,024] INFO django.server log "GET /feedback/admin/courses/ HTTP/1.1" 200 86645
[2026-05-16 01:29:24,237] INFO django.utils.autoreload autoreload C:\Users\fairo\Music\Py_feed2_recent\FeedbackFlow\feedback\urls.py changed, reloading.
[2026-05-16 01:29:24,238] INFO django.utils.autoreload autoreload C:\Users\fairo\Music\Py_feed2_recent\FeedbackFlow\feedback\urls.py changed, reloading.
[2026-05-16 01:29:27,982] INFO django.utils.autoreload autoreload Watching for file changes with StatReloader
[2026-05-16 01:29:28,208] INFO django.utils.autoreload autoreload Watching for file changes with StatReloader
[2026-05-16 01:30:15,315] INFO django.utils.autoreload autoreload C:\Users\fairo\Music\Py_feed2_recent\FeedbackFlow\feedback\views.py changed, reloading.
[2026-05-16 01:30:15,324] INFO django.utils.autoreload autoreload C:\Users\fairo\Music\Py_feed2_recent\FeedbackFlow\feedback\views.py changed, reloading.
[2026-05-16 01:30:17,023] INFO django.utils.autoreload autoreload Watching for file changes with StatReloader
[2026-05-16 01:30:17,461] INFO django.utils.autoreload autoreload Watching for file changes with StatReloader
[2026-05-16 01:31:21,300] INFO django.utils.autoreload autoreload C:\Users\fairo\Music\Py_feed2_recent\FeedbackFlow\feedback\views.py changed, reloading.
[2026-05-16 01:31:21,965] INFO django.utils.autoreload autoreload C:\Users\fairo\Music\Py_feed2_recent\FeedbackFlow\feedback\views.py changed, reloading.
[2026-05-16 01:31:25,090] INFO django.utils.autoreload autoreload Watching for file changes with StatReloader
[2026-05-16 01:31:26,938] INFO django.utils.autoreload autoreload Watching for file changes with StatReloader
[2026-05-16 01:32:35,829] INFO django.utils.autoreload autoreload Watching for file changes with StatReloader
[2026-05-16 01:32:39,933] INFO django.server log "GET /feedback/admin/courses/ HTTP/1.1" 200 115016
[2026-05-16 01:32:43,628] INFO django.server log "POST /feedback/admin/courses/42/toggle/ HTTP/1.1" 302 0
[2026-05-16 01:32:43,921] INFO django.server log "GET /feedback/admin/courses/ HTTP/1.1" 200 115571
[2026-05-16 01:32:45,326] INFO django.server log "POST /feedback/admin/courses/42/toggle/ HTTP/1.1" 302 0
[2026-05-16 01:32:45,851] INFO django.server log "GET /feedback/admin/courses/ HTTP/1.1" 200 115570
[2026-05-16 01:32:51,224] INFO django.server log "GET / HTTP/1.1" 302 0
[2026-05-16 01:32:51,280] INFO django.server log "GET /dashboard/admin/ HTTP/1.1" 200 44151
[2026-05-16 01:32:56,518] INFO django.server log "GET /complaints/admin/list/ HTTP/1.1" 200 75371
[2026-05-16 01:33:04,135] INFO django.server log "GET / HTTP/1.1" 302 0
[2026-05-16 01:33:04,193] INFO django.server log "GET /dashboard/admin/ HTTP/1.1" 200 44151
[2026-05-16 01:33:06,270] INFO django.server log "GET /complaints/admin/list/ HTTP/1.1" 200 75371
[2026-05-16 01:33:12,478] INFO django.server log "GET / HTTP/1.1" 302 0
[2026-05-16 01:33:12,537] INFO django.server log "GET /dashboard/admin/ HTTP/1.1" 200 44151
[2026-05-16 01:33:18,624] INFO django.server log "GET /complaints/admin/list/ HTTP/1.1" 200 75371
[2026-05-16 01:33:25,650] INFO django.server log "GET / HTTP/1.1" 302 0
[2026-05-16 01:33:25,684] INFO django.server log "GET /dashboard/admin/ HTTP/1.1" 200 44151
[2026-05-16 01:33:31,531] INFO django.server log "GET /complaints/admin/list/ HTTP/1.1" 200 75371
[2026-05-16 01:33:49,729] INFO django.server log "GET / HTTP/1.1" 302 0
[2026-05-16 01:33:49,773] INFO django.server log "GET /dashboard/admin/ HTTP/1.1" 200 44151
[2026-05-16 01:33:59,058] INFO django.server log "GET /student/dashboard/ HTTP/1.1" 200 44119
[2026-05-16 01:34:08,772] INFO django.server log "GET /feedback/my-feedback/ HTTP/1.1" 200 40652
[2026-05-16 01:34:13,996] INFO django.server log "GET / HTTP/1.1" 302 0
[2026-05-16 01:34:14,060] INFO django.server log "GET /student/dashboard/ HTTP/1.1" 200 44119
[2026-05-16 01:34:28,269] INFO django.server log "GET /feedback/faculty/list/ HTTP/1.1" 200 27957
[2026-05-16 01:34:34,707] INFO django.server log "GET / HTTP/1.1" 302 0
[2026-05-16 01:34:34,835] INFO django.server log "GET /faculty/dashboard/ HTTP/1.1" 200 37929
[2026-05-16 01:34:37,004] INFO django.server log "GET /feedback/faculty/list/ HTTP/1.1" 200 27957
[2026-05-16 01:34:38,644] INFO django.server log "GET / HTTP/1.1" 302 0
[2026-05-16 01:34:38,703] INFO django.server log "GET /faculty/dashboard/ HTTP/1.1" 200 37929
[2026-05-16 01:34:39,818] INFO django.server log "GET /complaints/investigator/my-investigations/ HTTP/1.1" 200 35137
[2026-05-16 01:34:50,005] INFO django.server log "GET /complaints/investigator/submit-findings/2/ HTTP/1.1" 200 20865
[2026-05-16 01:35:01,336] INFO django.server log "GET / HTTP/1.1" 302 0
[2026-05-16 01:35:01,394] INFO django.server log "GET /faculty/dashboard/ HTTP/1.1" 200 37929
[2026-05-16 01:35:03,507] INFO django.server log "GET /complaints/investigator/my-investigations/ HTTP/1.1" 200 35137
[2026-05-16 01:35:04,884] INFO django.server log "GET /complaints/investigator/submit-findings/3/ HTTP/1.1" 200 23332
[2026-05-16 01:35:09,759] INFO django.server log "GET / HTTP/1.1" 302 0
[2026-05-16 01:35:09,811] INFO django.server log "GET /faculty/dashboard/ HTTP/1.1" 200 37929
[2026-05-16 01:35:12,400] INFO django.server log "GET /feedback/faculty/list/ HTTP/1.1" 200 27957
[2026-05-16 01:35:15,419] INFO django.server log "GET / HTTP/1.1" 302 0
[2026-05-16 01:35:15,479] INFO django.server log "GET /faculty/dashboard/ HTTP/1.1" 200 37929
[2026-05-16 01:35:18,666] INFO django.server log "GET / HTTP/1.1" 302 0
[2026-05-16 01:35:18,745] INFO django.server log "GET /faculty/dashboard/ HTTP/1.1" 200 37929
[2026-05-16 01:35:21,044] INFO django.server log "GET / HTTP/1.1" 302 0
[2026-05-16 01:35:21,103] INFO django.server log "GET /faculty/dashboard/ HTTP/1.1" 200 37929
[2026-05-16 01:35:34,927] INFO django.server log "GET / HTTP/1.1" 302 0
[2026-05-16 01:35:35,044] INFO django.server log "GET /hod/dashboard/ HTTP/1.1" 200 38655
[2026-05-16 01:35:46,264] INFO django.server log "GET /dashboard/feedback-analytics/ HTTP/1.1" 200 70017
[2026-05-16 01:36:00,764] INFO django.server log "GET / HTTP/1.1" 302 0
[2026-05-16 01:36:00,813] INFO django.server log "GET /hod/dashboard/ HTTP/1.1" 200 38655
[2026-05-16 01:36:02,917] INFO django.server log "GET /dashboard/feedback-analytics/ HTTP/1.1" 200 70017
[2026-05-16 01:36:05,615] INFO django.server log "GET / HTTP/1.1" 302 0
[2026-05-16 01:36:05,680] INFO django.server log "GET /hod/dashboard/ HTTP/1.1" 200 38655
[2026-05-16 01:36:07,037] INFO django.server log "GET /dashboard/feedback-reports/ HTTP/1.1" 200 67969
[2026-05-16 01:36:11,902] INFO django.server log "GET / HTTP/1.1" 302 0
[2026-05-16 01:36:11,995] INFO django.server log "GET /hod/dashboard/ HTTP/1.1" 200 38655
[2026-05-16 01:36:13,921] INFO django.server log "GET /dashboard/feedback-reports/ HTTP/1.1" 200 67969
[2026-05-16 01:36:31,667] INFO django.server log "GET /dashboard/feedback-reports/?course=3&faculty=&semester=spring2026 HTTP/1.1" 200 35572
[2026-05-16 01:36:36,767] INFO django.server log "GET /dashboard/feedback-reports/?course=3&faculty=24&semester=spring2026 HTTP/1.1" 200 35580
[2026-05-16 01:36:39,463] INFO django.server log "GET /dashboard/feedback-reports/?course=3&faculty=24&semester=fall+2025 HTTP/1.1" 200 35580
[2026-05-16 01:36:41,986] INFO django.server log "GET /dashboard/feedback-reports/?course=3&faculty=24&semester=3.1 HTTP/1.1" 200 35580
[2026-05-16 01:36:45,208] INFO django.server log "GET /dashboard/feedback-reports/?course=3&faculty=23&semester=3.1 HTTP/1.1" 200 35580
[2026-05-16 01:36:54,216] INFO django.server log "GET /dashboard/feedback-reports/?course=56&faculty=120&semester=spring2026 HTTP/1.1" 200 46475
[2026-05-16 01:37:10,068] INFO django.server log "GET / HTTP/1.1" 302 0
[2026-05-16 01:37:10,129] INFO django.server log "GET /hod/dashboard/ HTTP/1.1" 200 38655
[2026-05-16 01:37:33,544] INFO django.server log "GET /dashboard/feedback-reports/ HTTP/1.1" 200 128927
[2026-05-16 01:37:38,763] INFO django.server log "GET /dashboard/admin/ HTTP/1.1" 200 44151
[2026-05-16 01:37:41,184] INFO django.server log "GET /dashboard/feedback-analytics/ HTTP/1.1" 200 84548
[2026-05-16 01:37:50,930] INFO django.server log "GET / HTTP/1.1" 302 0
[2026-05-16 01:37:50,987] INFO django.server log "GET /dashboard/admin/ HTTP/1.1" 200 44151
[2026-05-16 01:37:55,460] INFO django.server log "GET / HTTP/1.1" 302 0
[2026-05-16 01:37:55,530] INFO django.server log "GET /dashboard/admin/ HTTP/1.1" 200 44151
[2026-05-16 02:12:38,122] INFO django.server log "GET /feedback/detail/163/ HTTP/1.1" 200 22098
[2026-05-16 02:12:43,625] INFO django.server log "GET /feedback/my-feedback/ HTTP/1.1" 200 40652
[2026-05-16 02:12:48,821] INFO django.server log "GET / HTTP/1.1" 302 0
[2026-05-16 02:12:48,937] INFO django.server log "GET /student/dashboard/ HTTP/1.1" 200 44119
[2026-05-16 02:12:56,285] INFO django.server log "GET /feedback/submit/ HTTP/1.1" 200 35075
[2026-05-16 02:13:02,884] INFO django.server log "GET / HTTP/1.1" 302 0
[2026-05-16 02:13:02,967] INFO django.server log "GET /student/dashboard/ HTTP/1.1" 200 44119
[2026-05-16 02:13:06,497] INFO django.server log "GET /appointment/ HTTP/1.1" 200 22912
[2026-05-16 02:13:10,284] INFO django.server log "GET / HTTP/1.1" 302 0
[2026-05-16 02:13:10,338] INFO django.server log "GET /student/dashboard/ HTTP/1.1" 200 44119
[2026-05-16 02:13:12,717] INFO django.server log "GET /feedback/course-registration/ HTTP/1.1" 200 75245
[2026-05-16 02:13:52,215] INFO django.server log "GET /dashboard/users/ HTTP/1.1" 200 140278
[2026-05-16 02:14:08,188] INFO django.server log "GET / HTTP/1.1" 302 0
[2026-05-16 02:14:08,273] INFO django.server log "GET /dashboard/admin/ HTTP/1.1" 200 44151
[2026-05-16 02:16:43,037] INFO django.utils.autoreload autoreload C:\Users\fairo\Music\Py_feed2_recent\FeedbackFlow\feedback\models.py changed, reloading.
[2026-05-16 02:16:43,384] INFO django.utils.autoreload autoreload C:\Users\fairo\Music\Py_feed2_recent\FeedbackFlow\feedback\models.py changed, reloading.
[2026-05-16 02:16:55,816] INFO django.utils.autoreload autoreload Watching for file changes with StatReloader
[2026-05-16 02:16:55,860] INFO django.utils.autoreload autoreload Watching for file changes with StatReloader
[2026-05-16 02:17:51,408] INFO django.server basehttp - Broken pipe from ('127.0.0.1', 52904)
[2026-05-16 02:17:51,625] INFO django.server log "GET /feedback/admin/courses/ HTTP/1.1" 200 115016
[2026-05-16 02:17:54,247] INFO django.utils.autoreload autoreload C:\Users\fairo\Music\Py_feed2_recent\FeedbackFlow\feedback\views.py changed, reloading.
[2026-05-16 02:17:54,991] INFO django.utils.autoreload autoreload C:\Users\fairo\Music\Py_feed2_recent\FeedbackFlow\feedback\views.py changed, reloading.
[2026-05-16 02:17:57,772] INFO django.utils.autoreload autoreload Watching for file changes with StatReloader
[2026-05-16 02:18:02,722] INFO django.utils.autoreload autoreload Watching for file changes with StatReloader
[2026-05-16 02:35:07,388] INFO django.utils.autoreload autoreload C:\Users\fairo\Music\Py_feed2_recent\FeedbackFlow\feedback\views.py changed, reloading.
[2026-05-16 02:35:08,082] INFO django.utils.autoreload autoreload C:\Users\fairo\Music\Py_feed2_recent\FeedbackFlow\feedback\models.py changed, reloading.
[2026-05-16 02:35:10,368] INFO django.utils.autoreload autoreload Watching for file changes with StatReloader
[2026-05-16 02:35:10,639] INFO django.utils.autoreload autoreload Watching for file changes with StatReloader
[2026-05-16 02:35:18,037] INFO django.utils.autoreload autoreload Watching for file changes with StatReloader
[2026-05-16 02:35:23,005] ERROR django.request log Internal Server Error: /feedback/course-registration/
Traceback (most recent call last):
  File "C:\Users\fairo\AppData\Local\Programs\Python\Python314\Lib\site-packages\django\template\base.py", line 577, in parse
    compile_func = self.tags[command]
                   ~~~~~~~~~^^^^^^^^^
KeyError: 'endif'

During handling of the above exception, another exception occurred:

Traceback (most recent call last):
  File "C:\Users\fairo\AppData\Local\Programs\Python\Python314\Lib\site-packages\django\core\handlers\exception.py", line 55, in inner
    response = get_response(request)
  File "C:\Users\fairo\AppData\Local\Programs\Python\Python314\Lib\site-packages\django\core\handlers\base.py", line 198, in _get_response
    response = wrapped_callback(request, *callback_args, **callback_kwargs)
  File "C:\Users\fairo\AppData\Local\Programs\Python\Python314\Lib\site-packages\django\contrib\auth\decorators.py", line 59, in _view_wrapper
    return view_func(request, *args, **kwargs)
  File "C:\Users\fairo\Music\Py_feed2_recent\FeedbackFlow\feedback\views.py", line 430, in course_registration_view
    return render(request, 'feedback/course_registration.html', context)
  File "C:\Users\fairo\AppData\Local\Programs\Python\Python314\Lib\site-packages\django\shortcuts.py", line 25, in render
    content = loader.render_to_string(template_name, context, request, using=using)
  File "C:\Users\fairo\AppData\Local\Programs\Python\Python314\Lib\site-packages\django\template\loader.py", line 61, in render_to_string
    template = get_template(template_name, using=using)
  File "C:\Users\fairo\AppData\Local\Programs\Python\Python314\Lib\site-packages\django\template\loader.py", line 15, in get_template
    return engine.get_template(template_name)
           ~~~~~~~~~~~~~~~~~~~^^^^^^^^^^^^^^^
  File "C:\Users\fairo\AppData\Local\Programs\Python\Python314\Lib\site-packages\django\template\backends\django.py", line 79, in get_template
    return Template(self.engine.get_template(template_name), self)
                    ~~~~~~~~~~~~~~~~~~~~~~~~^^^^^^^^^^^^^^^
  File "C:\Users\fairo\AppData\Local\Programs\Python\Python314\Lib\site-packages\django\template\engine.py", line 186, in get_template
    template, origin = self.find_template(template_name)
                       ~~~~~~~~~~~~~~~~~~^^^^^^^^^^^^^^^
  File "C:\Users\fairo\AppData\Local\Programs\Python\Python314\Lib\site-packages\django\template\engine.py", line 159, in find_template
    template = loader.get_template(name, skip=skip)
  File "C:\Users\fairo\AppData\Local\Programs\Python\Python314\Lib\site-packages\django\template\loaders\cached.py", line 57, in get_template
    template = super().get_template(template_name, skip)
  File "C:\Users\fairo\AppData\Local\Programs\Python\Python314\Lib\site-packages\django\template\loaders\base.py", line 28, in get_template
    return Template(
        contents,
    ...<2 lines>...
        self.engine,
    )
  File "C:\Users\fairo\AppData\Local\Programs\Python\Python314\Lib\site-packages\django\template\base.py", line 157, in __init__
    self.nodelist = self.compile_nodelist()
                    ~~~~~~~~~~~~~~~~~~~~~^^
  File "C:\Users\fairo\AppData\Local\Programs\Python\Python314\Lib\site-packages\django\template\base.py", line 199, in compile_nodelist
    nodelist = parser.parse()
  File "C:\Users\fairo\AppData\Local\Programs\Python\Python314\Lib\site-packages\django\template\base.py", line 585, in parse
    raise self.error(token, e)
  File "C:\Users\fairo\AppData\Local\Programs\Python\Python314\Lib\site-packages\django\template\base.py", line 583, in parse
    compiled_result = compile_func(self, token)
  File "C:\Users\fairo\AppData\Local\Programs\Python\Python314\Lib\site-packages\django\template\loader_tags.py", line 307, in do_extends
    nodelist = parser.parse()
  File "C:\Users\fairo\AppData\Local\Programs\Python\Python314\Lib\site-packages\django\template\base.py", line 585, in parse
    raise self.error(token, e)
  File "C:\Users\fairo\AppData\Local\Programs\Python\Python314\Lib\site-packages\django\template\base.py", line 583, in parse
    compiled_result = compile_func(self, token)
  File "C:\Users\fairo\AppData\Local\Programs\Python\Python314\Lib\site-packages\django\template\loader_tags.py", line 235, in do_block
    nodelist = parser.parse(("endblock",))
  File "C:\Users\fairo\AppData\Local\Programs\Python\Python314\Lib\site-packages\django\template\base.py", line 585, in parse
    raise self.error(token, e)
  File "C:\Users\fairo\AppData\Local\Programs\Python\Python314\Lib\site-packages\django\template\base.py", line 583, in parse
    compiled_result = compile_func(self, token)
  File "C:\Users\fairo\AppData\Local\Programs\Python\Python314\Lib\site-packages\django\template\defaulttags.py", line 1008, in do_if
    nodelist = parser.parse(("endif",))
  File "C:\Users\fairo\AppData\Local\Programs\Python\Python314\Lib\site-packages\django\template\base.py", line 585, in parse
    raise self.error(token, e)
  File "C:\Users\fairo\AppData\Local\Programs\Python\Python314\Lib\site-packages\django\template\base.py", line 583, in parse
    compiled_result = compile_func(self, token)
  File "C:\Users\fairo\AppData\Local\Programs\Python\Python314\Lib\site-packages\django\template\defaulttags.py", line 894, in do_for
    nodelist_loop = parser.parse(
        (
    ...<2 lines>...
        )
    )
  File "C:\Users\fairo\AppData\Local\Programs\Python\Python314\Lib\site-packages\django\template\base.py", line 579, in parse
    self.invalid_block_tag(token, command, parse_until)
    ~~~~~~~~~~~~~~~~~~~~~~^^^^^^^^^^^^^^^^^^^^^^^^^^^^^
  File "C:\Users\fairo\AppData\Local\Programs\Python\Python314\Lib\site-packages\django\template\base.py", line 634, in invalid_block_tag
    raise self.error(
    ...<8 lines>...
    )
django.template.exceptions.TemplateSyntaxError: Template: C:\Users\fairo\Music\Py_feed2_recent\FeedbackFlow\feedback\templates\feedback\course_registration.html, Invalid block tag on line 156: 'endif', expected 'empty' or 'endfor'. Did you forget to register or load this tag?
[2026-05-16 02:35:23,027] ERROR django.server log "GET /feedback/course-registration/ HTTP/1.1" 500 272369
[2026-05-16 02:35:51,796] ERROR django.request log Internal Server Error: /feedback/course-registration/
Traceback (most recent call last):
  File "C:\Users\fairo\AppData\Local\Programs\Python\Python314\Lib\site-packages\django\template\base.py", line 577, in parse
    compile_func = self.tags[command]
                   ~~~~~~~~~^^^^^^^^^
KeyError: 'endif'

During handling of the above exception, another exception occurred:

Traceback (most recent call last):
  File "C:\Users\fairo\AppData\Local\Programs\Python\Python314\Lib\site-packages\django\core\handlers\exception.py", line 55, in inner
    response = get_response(request)
  File "C:\Users\fairo\AppData\Local\Programs\Python\Python314\Lib\site-packages\django\core\handlers\base.py", line 198, in _get_response
    response = wrapped_callback(request, *callback_args, **callback_kwargs)
  File "C:\Users\fairo\AppData\Local\Programs\Python\Python314\Lib\site-packages\django\contrib\auth\decorators.py", line 59, in _view_wrapper
    return view_func(request, *args, **kwargs)
  File "C:\Users\fairo\Music\Py_feed2_recent\FeedbackFlow\feedback\views.py", line 430, in course_registration_view
    return render(request, 'feedback/course_registration.html', context)
  File "C:\Users\fairo\AppData\Local\Programs\Python\Python314\Lib\site-packages\django\shortcuts.py", line 25, in render
    content = loader.render_to_string(template_name, context, request, using=using)
  File "C:\Users\fairo\AppData\Local\Programs\Python\Python314\Lib\site-packages\django\template\loader.py", line 61, in render_to_string
    template = get_template(template_name, using=using)
  File "C:\Users\fairo\AppData\Local\Programs\Python\Python314\Lib\site-packages\django\template\loader.py", line 15, in get_template
    return engine.get_template(template_name)
           ~~~~~~~~~~~~~~~~~~~^^^^^^^^^^^^^^^
  File "C:\Users\fairo\AppData\Local\Programs\Python\Python314\Lib\site-packages\django\template\backends\django.py", line 79, in get_template
    return Template(self.engine.get_template(template_name), self)
                    ~~~~~~~~~~~~~~~~~~~~~~~~^^^^^^^^^^^^^^^
  File "C:\Users\fairo\AppData\Local\Programs\Python\Python314\Lib\site-packages\django\template\engine.py", line 186, in get_template
    template, origin = self.find_template(template_name)
                       ~~~~~~~~~~~~~~~~~~^^^^^^^^^^^^^^^
  File "C:\Users\fairo\AppData\Local\Programs\Python\Python314\Lib\site-packages\django\template\engine.py", line 159, in find_template
    template = loader.get_template(name, skip=skip)
  File "C:\Users\fairo\AppData\Local\Programs\Python\Python314\Lib\site-packages\django\template\loaders\cached.py", line 57, in get_template
    template = super().get_template(template_name, skip)
  File "C:\Users\fairo\AppData\Local\Programs\Python\Python314\Lib\site-packages\django\template\loaders\base.py", line 28, in get_template
    return Template(
        contents,
    ...<2 lines>...
        self.engine,
    )
  File "C:\Users\fairo\AppData\Local\Programs\Python\Python314\Lib\site-packages\django\template\base.py", line 157, in __init__
    self.nodelist = self.compile_nodelist()
                    ~~~~~~~~~~~~~~~~~~~~~^^
  File "C:\Users\fairo\AppData\Local\Programs\Python\Python314\Lib\site-packages\django\template\base.py", line 199, in compile_nodelist
    nodelist = parser.parse()
  File "C:\Users\fairo\AppData\Local\Programs\Python\Python314\Lib\site-packages\django\template\base.py", line 585, in parse
    raise self.error(token, e)
  File "C:\Users\fairo\AppData\Local\Programs\Python\Python314\Lib\site-packages\django\template\base.py", line 583, in parse
    compiled_result = compile_func(self, token)
  File "C:\Users\fairo\AppData\Local\Programs\Python\Python314\Lib\site-packages\django\template\loader_tags.py", line 307, in do_extends
    nodelist = parser.parse()
  File "C:\Users\fairo\AppData\Local\Programs\Python\Python314\Lib\site-packages\django\template\base.py", line 585, in parse
    raise self.error(token, e)
  File "C:\Users\fairo\AppData\Local\Programs\Python\Python314\Lib\site-packages\django\template\base.py", line 583, in parse
    compiled_result = compile_func(self, token)
  File "C:\Users\fairo\AppData\Local\Programs\Python\Python314\Lib\site-packages\django\template\loader_tags.py", line 235, in do_block
    nodelist = parser.parse(("endblock",))
  File "C:\Users\fairo\AppData\Local\Programs\Python\Python314\Lib\site-packages\django\template\base.py", line 585, in parse
    raise self.error(token, e)
  File "C:\Users\fairo\AppData\Local\Programs\Python\Python314\Lib\site-packages\django\template\base.py", line 583, in parse
    compiled_result = compile_func(self, token)
  File "C:\Users\fairo\AppData\Local\Programs\Python\Python314\Lib\site-packages\django\template\defaulttags.py", line 1008, in do_if
    nodelist = parser.parse(("endif",))
  File "C:\Users\fairo\AppData\Local\Programs\Python\Python314\Lib\site-packages\django\template\base.py", line 585, in parse
    raise self.error(token, e)
  File "C:\Users\fairo\AppData\Local\Programs\Python\Python314\Lib\site-packages\django\template\base.py", line 583, in parse
    compiled_result = compile_func(self, token)
  File "C:\Users\fairo\AppData\Local\Programs\Python\Python314\Lib\site-packages\django\template\defaulttags.py", line 894, in do_for
    nodelist_loop = parser.parse(
        (
    ...<2 lines>...
        )
    )
  File "C:\Users\fairo\AppData\Local\Programs\Python\Python314\Lib\site-packages\django\template\base.py", line 579, in parse
    self.invalid_block_tag(token, command, parse_until)
    ~~~~~~~~~~~~~~~~~~~~~~^^^^^^^^^^^^^^^^^^^^^^^^^^^^^
  File "C:\Users\fairo\AppData\Local\Programs\Python\Python314\Lib\site-packages\django\template\base.py", line 634, in invalid_block_tag
    raise self.error(
    ...<8 lines>...
    )
django.template.exceptions.TemplateSyntaxError: Template: C:\Users\fairo\Music\Py_feed2_recent\FeedbackFlow\feedback\templates\feedback\course_registration.html, Invalid block tag on line 156: 'endif', expected 'empty' or 'endfor'. Did you forget to register or load this tag?
[2026-05-16 02:35:51,818] ERROR django.server log "GET /feedback/course-registration/ HTTP/1.1" 500 272369
[2026-05-16 02:35:55,950] ERROR django.request log Internal Server Error: /feedback/course-registration/
Traceback (most recent call last):
  File "C:\Users\fairo\AppData\Local\Programs\Python\Python314\Lib\site-packages\django\template\base.py", line 577, in parse
    compile_func = self.tags[command]
                   ~~~~~~~~~^^^^^^^^^
KeyError: 'endif'

During handling of the above exception, another exception occurred:

Traceback (most recent call last):
  File "C:\Users\fairo\AppData\Local\Programs\Python\Python314\Lib\site-packages\django\core\handlers\exception.py", line 55, in inner
    response = get_response(request)
  File "C:\Users\fairo\AppData\Local\Programs\Python\Python314\Lib\site-packages\django\core\handlers\base.py", line 198, in _get_response
    response = wrapped_callback(request, *callback_args, **callback_kwargs)
  File "C:\Users\fairo\AppData\Local\Programs\Python\Python314\Lib\site-packages\django\contrib\auth\decorators.py", line 59, in _view_wrapper
    return view_func(request, *args, **kwargs)
  File "C:\Users\fairo\Music\Py_feed2_recent\FeedbackFlow\feedback\views.py", line 430, in course_registration_view
    return render(request, 'feedback/course_registration.html', context)
  File "C:\Users\fairo\AppData\Local\Programs\Python\Python314\Lib\site-packages\django\shortcuts.py", line 25, in render
    content = loader.render_to_string(template_name, context, request, using=using)
  File "C:\Users\fairo\AppData\Local\Programs\Python\Python314\Lib\site-packages\django\template\loader.py", line 61, in render_to_string
    template = get_template(template_name, using=using)
  File "C:\Users\fairo\AppData\Local\Programs\Python\Python314\Lib\site-packages\django\template\loader.py", line 15, in get_template
    return engine.get_template(template_name)
           ~~~~~~~~~~~~~~~~~~~^^^^^^^^^^^^^^^
  File "C:\Users\fairo\AppData\Local\Programs\Python\Python314\Lib\site-packages\django\template\backends\django.py", line 79, in get_template
    return Template(self.engine.get_template(template_name), self)
                    ~~~~~~~~~~~~~~~~~~~~~~~~^^^^^^^^^^^^^^^
  File "C:\Users\fairo\AppData\Local\Programs\Python\Python314\Lib\site-packages\django\template\engine.py", line 186, in get_template
    template, origin = self.find_template(template_name)
                       ~~~~~~~~~~~~~~~~~~^^^^^^^^^^^^^^^
  File "C:\Users\fairo\AppData\Local\Programs\Python\Python314\Lib\site-packages\django\template\engine.py", line 159, in find_template
    template = loader.get_template(name, skip=skip)
  File "C:\Users\fairo\AppData\Local\Programs\Python\Python314\Lib\site-packages\django\template\loaders\cached.py", line 57, in get_template
    template = super().get_template(template_name, skip)
  File "C:\Users\fairo\AppData\Local\Programs\Python\Python314\Lib\site-packages\django\template\loaders\base.py", line 28, in get_template
    return Template(
        contents,
    ...<2 lines>...
        self.engine,
    )
  File "C:\Users\fairo\AppData\Local\Programs\Python\Python314\Lib\site-packages\django\template\base.py", line 157, in __init__
    self.nodelist = self.compile_nodelist()
                    ~~~~~~~~~~~~~~~~~~~~~^^
  File "C:\Users\fairo\AppData\Local\Programs\Python\Python314\Lib\site-packages\django\template\base.py", line 199, in compile_nodelist
    nodelist = parser.parse()
  File "C:\Users\fairo\AppData\Local\Programs\Python\Python314\Lib\site-packages\django\template\base.py", line 585, in parse
    raise self.error(token, e)
  File "C:\Users\fairo\AppData\Local\Programs\Python\Python314\Lib\site-packages\django\template\base.py", line 583, in parse
    compiled_result = compile_func(self, token)
  File "C:\Users\fairo\AppData\Local\Programs\Python\Python314\Lib\site-packages\django\template\loader_tags.py", line 307, in do_extends
    nodelist = parser.parse()
  File "C:\Users\fairo\AppData\Local\Programs\Python\Python314\Lib\site-packages\django\template\base.py", line 585, in parse
    raise self.error(token, e)
  File "C:\Users\fairo\AppData\Local\Programs\Python\Python314\Lib\site-packages\django\template\base.py", line 583, in parse
    compiled_result = compile_func(self, token)
  File "C:\Users\fairo\AppData\Local\Programs\Python\Python314\Lib\site-packages\django\template\loader_tags.py", line 235, in do_block
    nodelist = parser.parse(("endblock",))
  File "C:\Users\fairo\AppData\Local\Programs\Python\Python314\Lib\site-packages\django\template\base.py", line 585, in parse
    raise self.error(token, e)
  File "C:\Users\fairo\AppData\Local\Programs\Python\Python314\Lib\site-packages\django\template\base.py", line 583, in parse
    compiled_result = compile_func(self, token)
  File "C:\Users\fairo\AppData\Local\Programs\Python\Python314\Lib\site-packages\django\template\defaulttags.py", line 1008, in do_if
    nodelist = parser.parse(("endif",))
  File "C:\Users\fairo\AppData\Local\Programs\Python\Python314\Lib\site-packages\django\template\base.py", line 585, in parse
    raise self.error(token, e)
  File "C:\Users\fairo\AppData\Local\Programs\Python\Python314\Lib\site-packages\django\template\base.py", line 583, in parse
    compiled_result = compile_func(self, token)
  File "C:\Users\fairo\AppData\Local\Programs\Python\Python314\Lib\site-packages\django\template\defaulttags.py", line 894, in do_for
    nodelist_loop = parser.parse(
        (
    ...<2 lines>...
        )
    )
  File "C:\Users\fairo\AppData\Local\Programs\Python\Python314\Lib\site-packages\django\template\base.py", line 579, in parse
    self.invalid_block_tag(token, command, parse_until)
    ~~~~~~~~~~~~~~~~~~~~~~^^^^^^^^^^^^^^^^^^^^^^^^^^^^^
  File "C:\Users\fairo\AppData\Local\Programs\Python\Python314\Lib\site-packages\django\template\base.py", line 634, in invalid_block_tag
    raise self.error(
    ...<8 lines>...
    )
django.template.exceptions.TemplateSyntaxError: Template: C:\Users\fairo\Music\Py_feed2_recent\FeedbackFlow\feedback\templates\feedback\course_registration.html, Invalid block tag on line 156: 'endif', expected 'empty' or 'endfor'. Did you forget to register or load this tag?
[2026-05-16 02:35:55,968] ERROR django.server log "GET /feedback/course-registration/ HTTP/1.1" 500 272232
[2026-05-16 02:36:32,561] ERROR django.request log Internal Server Error: /feedback/course-registration/
Traceback (most recent call last):
  File "C:\Users\fairo\AppData\Local\Programs\Python\Python314\Lib\site-packages\django\template\base.py", line 577, in parse
    compile_func = self.tags[command]
                   ~~~~~~~~~^^^^^^^^^
KeyError: 'endif'

During handling of the above exception, another exception occurred:

Traceback (most recent call last):
  File "C:\Users\fairo\AppData\Local\Programs\Python\Python314\Lib\site-packages\django\core\handlers\exception.py", line 55, in inner
    response = get_response(request)
  File "C:\Users\fairo\AppData\Local\Programs\Python\Python314\Lib\site-packages\django\core\handlers\base.py", line 198, in _get_response
    response = wrapped_callback(request, *callback_args, **callback_kwargs)
  File "C:\Users\fairo\AppData\Local\Programs\Python\Python314\Lib\site-packages\django\contrib\auth\decorators.py", line 59, in _view_wrapper
    return view_func(request, *args, **kwargs)
  File "C:\Users\fairo\Music\Py_feed2_recent\FeedbackFlow\feedback\views.py", line 430, in course_registration_view
    return render(request, 'feedback/course_registration.html', context)
  File "C:\Users\fairo\AppData\Local\Programs\Python\Python314\Lib\site-packages\django\shortcuts.py", line 25, in render
    content = loader.render_to_string(template_name, context, request, using=using)
  File "C:\Users\fairo\AppData\Local\Programs\Python\Python314\Lib\site-packages\django\template\loader.py", line 61, in render_to_string
    template = get_template(template_name, using=using)
  File "C:\Users\fairo\AppData\Local\Programs\Python\Python314\Lib\site-packages\django\template\loader.py", line 15, in get_template
    return engine.get_template(template_name)
           ~~~~~~~~~~~~~~~~~~~^^^^^^^^^^^^^^^
  File "C:\Users\fairo\AppData\Local\Programs\Python\Python314\Lib\site-packages\django\template\backends\django.py", line 79, in get_template
    return Template(self.engine.get_template(template_name), self)
                    ~~~~~~~~~~~~~~~~~~~~~~~~^^^^^^^^^^^^^^^
  File "C:\Users\fairo\AppData\Local\Programs\Python\Python314\Lib\site-packages\django\template\engine.py", line 186, in get_template
    template, origin = self.find_template(template_name)
                       ~~~~~~~~~~~~~~~~~~^^^^^^^^^^^^^^^
  File "C:\Users\fairo\AppData\Local\Programs\Python\Python314\Lib\site-packages\django\template\engine.py", line 159, in find_template
    template = loader.get_template(name, skip=skip)
  File "C:\Users\fairo\AppData\Local\Programs\Python\Python314\Lib\site-packages\django\template\loaders\cached.py", line 57, in get_template
    template = super().get_template(template_name, skip)
  File "C:\Users\fairo\AppData\Local\Programs\Python\Python314\Lib\site-packages\django\template\loaders\base.py", line 28, in get_template
    return Template(
        contents,
    ...<2 lines>...
        self.engine,
    )
  File "C:\Users\fairo\AppData\Local\Programs\Python\Python314\Lib\site-packages\django\template\base.py", line 157, in __init__
    self.nodelist = self.compile_nodelist()
                    ~~~~~~~~~~~~~~~~~~~~~^^
  File "C:\Users\fairo\AppData\Local\Programs\Python\Python314\Lib\site-packages\django\template\base.py", line 199, in compile_nodelist
    nodelist = parser.parse()
  File "C:\Users\fairo\AppData\Local\Programs\Python\Python314\Lib\site-packages\django\template\base.py", line 585, in parse
    raise self.error(token, e)
  File "C:\Users\fairo\AppData\Local\Programs\Python\Python314\Lib\site-packages\django\template\base.py", line 583, in parse
    compiled_result = compile_func(self, token)
  File "C:\Users\fairo\AppData\Local\Programs\Python\Python314\Lib\site-packages\django\template\loader_tags.py", line 307, in do_extends
    nodelist = parser.parse()
  File "C:\Users\fairo\AppData\Local\Programs\Python\Python314\Lib\site-packages\django\template\base.py", line 585, in parse
    raise self.error(token, e)
  File "C:\Users\fairo\AppData\Local\Programs\Python\Python314\Lib\site-packages\django\template\base.py", line 583, in parse
    compiled_result = compile_func(self, token)
  File "C:\Users\fairo\AppData\Local\Programs\Python\Python314\Lib\site-packages\django\template\loader_tags.py", line 235, in do_block
    nodelist = parser.parse(("endblock",))
  File "C:\Users\fairo\AppData\Local\Programs\Python\Python314\Lib\site-packages\django\template\base.py", line 585, in parse
    raise self.error(token, e)
  File "C:\Users\fairo\AppData\Local\Programs\Python\Python314\Lib\site-packages\django\template\base.py", line 583, in parse
    compiled_result = compile_func(self, token)
  File "C:\Users\fairo\AppData\Local\Programs\Python\Python314\Lib\site-packages\django\template\defaulttags.py", line 1008, in do_if
    nodelist = parser.parse(("endif",))
  File "C:\Users\fairo\AppData\Local\Programs\Python\Python314\Lib\site-packages\django\template\base.py", line 585, in parse
    raise self.error(token, e)
  File "C:\Users\fairo\AppData\Local\Programs\Python\Python314\Lib\site-packages\django\template\base.py", line 583, in parse
    compiled_result = compile_func(self, token)
  File "C:\Users\fairo\AppData\Local\Programs\Python\Python314\Lib\site-packages\django\template\defaulttags.py", line 894, in do_for
    nodelist_loop = parser.parse(
        (
    ...<2 lines>...
        )
    )
  File "C:\Users\fairo\AppData\Local\Programs\Python\Python314\Lib\site-packages\django\template\base.py", line 579, in parse
    self.invalid_block_tag(token, command, parse_until)
    ~~~~~~~~~~~~~~~~~~~~~~^^^^^^^^^^^^^^^^^^^^^^^^^^^^^
  File "C:\Users\fairo\AppData\Local\Programs\Python\Python314\Lib\site-packages\django\template\base.py", line 634, in invalid_block_tag
    raise self.error(
    ...<8 lines>...
    )
django.template.exceptions.TemplateSyntaxError: Template: C:\Users\fairo\Music\Py_feed2_recent\FeedbackFlow\feedback\templates\feedback\course_registration.html, Invalid block tag on line 156: 'endif', expected 'empty' or 'endfor'. Did you forget to register or load this tag?
[2026-05-16 02:36:32,589] ERROR django.server log "GET /feedback/course-registration/ HTTP/1.1" 500 272232
[2026-05-16 02:37:59,030] ERROR django.request log Internal Server Error: /feedback/course-registration/
Traceback (most recent call last):
  File "C:\Users\fairo\AppData\Local\Programs\Python\Python314\Lib\site-packages\django\template\base.py", line 577, in parse
    compile_func = self.tags[command]
                   ~~~~~~~~~^^^^^^^^^
KeyError: 'endif'

During handling of the above exception, another exception occurred:

Traceback (most recent call last):
  File "C:\Users\fairo\AppData\Local\Programs\Python\Python314\Lib\site-packages\django\core\handlers\exception.py", line 55, in inner
    response = get_response(request)
  File "C:\Users\fairo\AppData\Local\Programs\Python\Python314\Lib\site-packages\django\core\handlers\base.py", line 198, in _get_response
    response = wrapped_callback(request, *callback_args, **callback_kwargs)
  File "C:\Users\fairo\AppData\Local\Programs\Python\Python314\Lib\site-packages\django\contrib\auth\decorators.py", line 59, in _view_wrapper
    return view_func(request, *args, **kwargs)
  File "C:\Users\fairo\Music\Py_feed2_recent\FeedbackFlow\feedback\views.py", line 430, in course_registration_view
    return render(request, 'feedback/course_registration.html', context)
  File "C:\Users\fairo\AppData\Local\Programs\Python\Python314\Lib\site-packages\django\shortcuts.py", line 25, in render
    content = loader.render_to_string(template_name, context, request, using=using)
  File "C:\Users\fairo\AppData\Local\Programs\Python\Python314\Lib\site-packages\django\template\loader.py", line 61, in render_to_string
    template = get_template(template_name, using=using)
  File "C:\Users\fairo\AppData\Local\Programs\Python\Python314\Lib\site-packages\django\template\loader.py", line 15, in get_template
    return engine.get_template(template_name)
           ~~~~~~~~~~~~~~~~~~~^^^^^^^^^^^^^^^
  File "C:\Users\fairo\AppData\Local\Programs\Python\Python314\Lib\site-packages\django\template\backends\django.py", line 79, in get_template
    return Template(self.engine.get_template(template_name), self)
                    ~~~~~~~~~~~~~~~~~~~~~~~~^^^^^^^^^^^^^^^
  File "C:\Users\fairo\AppData\Local\Programs\Python\Python314\Lib\site-packages\django\template\engine.py", line 186, in get_template
    template, origin = self.find_template(template_name)
                       ~~~~~~~~~~~~~~~~~~^^^^^^^^^^^^^^^
  File "C:\Users\fairo\AppData\Local\Programs\Python\Python314\Lib\site-packages\django\template\engine.py", line 159, in find_template
    template = loader.get_template(name, skip=skip)
  File "C:\Users\fairo\AppData\Local\Programs\Python\Python314\Lib\site-packages\django\template\loaders\cached.py", line 57, in get_template
    template = super().get_template(template_name, skip)
  File "C:\Users\fairo\AppData\Local\Programs\Python\Python314\Lib\site-packages\django\template\loaders\base.py", line 28, in get_template
    return Template(
        contents,
    ...<2 lines>...
        self.engine,
    )
  File "C:\Users\fairo\AppData\Local\Programs\Python\Python314\Lib\site-packages\django\template\base.py", line 157, in __init__
    self.nodelist = self.compile_nodelist()
                    ~~~~~~~~~~~~~~~~~~~~~^^
  File "C:\Users\fairo\AppData\Local\Programs\Python\Python314\Lib\site-packages\django\template\base.py", line 199, in compile_nodelist
    nodelist = parser.parse()
  File "C:\Users\fairo\AppData\Local\Programs\Python\Python314\Lib\site-packages\django\template\base.py", line 585, in parse
    raise self.error(token, e)
  File "C:\Users\fairo\AppData\Local\Programs\Python\Python314\Lib\site-packages\django\template\base.py", line 583, in parse
    compiled_result = compile_func(self, token)
  File "C:\Users\fairo\AppData\Local\Programs\Python\Python314\Lib\site-packages\django\template\loader_tags.py", line 307, in do_extends
    nodelist = parser.parse()
  File "C:\Users\fairo\AppData\Local\Programs\Python\Python314\Lib\site-packages\django\template\base.py", line 585, in parse
    raise self.error(token, e)
  File "C:\Users\fairo\AppData\Local\Programs\Python\Python314\Lib\site-packages\django\template\base.py", line 583, in parse
    compiled_result = compile_func(self, token)
  File "C:\Users\fairo\AppData\Local\Programs\Python\Python314\Lib\site-packages\django\template\loader_tags.py", line 235, in do_block
    nodelist = parser.parse(("endblock",))
  File "C:\Users\fairo\AppData\Local\Programs\Python\Python314\Lib\site-packages\django\template\base.py", line 585, in parse
    raise self.error(token, e)
  File "C:\Users\fairo\AppData\Local\Programs\Python\Python314\Lib\site-packages\django\template\base.py", line 583, in parse
    compiled_result = compile_func(self, token)
  File "C:\Users\fairo\AppData\Local\Programs\Python\Python314\Lib\site-packages\django\template\defaulttags.py", line 1008, in do_if
    nodelist = parser.parse(("endif",))
  File "C:\Users\fairo\AppData\Local\Programs\Python\Python314\Lib\site-packages\django\template\base.py", line 585, in parse
    raise self.error(token, e)
  File "C:\Users\fairo\AppData\Local\Programs\Python\Python314\Lib\site-packages\django\template\base.py", line 583, in parse
    compiled_result = compile_func(self, token)
  File "C:\Users\fairo\AppData\Local\Programs\Python\Python314\Lib\site-packages\django\template\defaulttags.py", line 894, in do_for
    nodelist_loop = parser.parse(
        (
    ...<2 lines>...
        )
    )
  File "C:\Users\fairo\AppData\Local\Programs\Python\Python314\Lib\site-packages\django\template\base.py", line 579, in parse
    self.invalid_block_tag(token, command, parse_until)
    ~~~~~~~~~~~~~~~~~~~~~~^^^^^^^^^^^^^^^^^^^^^^^^^^^^^
  File "C:\Users\fairo\AppData\Local\Programs\Python\Python314\Lib\site-packages\django\template\base.py", line 634, in invalid_block_tag
    raise self.error(
    ...<8 lines>...
    )
django.template.exceptions.TemplateSyntaxError: Template: C:\Users\fairo\Music\Py_feed2_recent\FeedbackFlow\feedback\templates\feedback\course_registration.html, Invalid block tag on line 156: 'endif', expected 'empty' or 'endfor'. Did you forget to register or load this tag?
[2026-05-16 02:37:59,056] ERROR django.server log "GET /feedback/course-registration/ HTTP/1.1" 500 272232
[2026-05-16 02:39:07,968] INFO django.server log "GET /complaints/my-complaints/ HTTP/1.1" 200 21333
[2026-05-16 02:39:12,844] INFO django.server log "GET /tasks/ HTTP/1.1" 200 36728
[2026-05-16 02:39:15,468] INFO django.server log "GET /appointment/ HTTP/1.1" 200 22912
[2026-05-16 02:41:58,970] INFO django.server log "GET /feedback/course-registration/ HTTP/1.1" 200 73946
[2026-05-16 02:42:13,977] INFO django.server log "GET / HTTP/1.1" 302 0
[2026-05-16 02:42:14,195] INFO django.server log "GET /dashboard/admin/ HTTP/1.1" 200 44151
[2026-05-16 02:42:17,711] INFO django.server log "GET /feedback/admin/courses/ HTTP/1.1" 200 115016
[2026-05-16 02:42:36,878] INFO django.server log "GET /feedback/admin/courses/47/delete/ HTTP/1.1" 200 30869
[2026-05-16 02:42:38,751] INFO django.server log "POST /feedback/admin/courses/47/delete/ HTTP/1.1" 302 0
[2026-05-16 02:42:39,014] INFO django.server log "GET /feedback/admin/courses/ HTTP/1.1" 200 114061
[2026-05-16 02:42:50,736] INFO django.server log "GET /feedback/admin/courses/50/delete/ HTTP/1.1" 200 30887
[2026-05-16 02:42:52,119] INFO django.server log "POST /feedback/admin/courses/50/delete/ HTTP/1.1" 302 0
[2026-05-16 02:42:52,405] INFO django.server log "GET /feedback/admin/courses/ HTTP/1.1" 200 112683
[2026-05-16 02:42:56,844] INFO django.server log "GET /feedback/admin/courses/54/delete/ HTTP/1.1" 200 30897
[2026-05-16 02:42:58,043] INFO django.server log "POST /feedback/admin/courses/54/delete/ HTTP/1.1" 302 0
[2026-05-16 02:42:58,340] INFO django.server log "GET /feedback/admin/courses/ HTTP/1.1" 200 111297
[2026-05-16 02:43:02,602] INFO django.server log "GET /feedback/admin/courses/55/delete/ HTTP/1.1" 200 30897
[2026-05-16 02:43:03,894] INFO django.server log "POST /feedback/admin/courses/55/delete/ HTTP/1.1" 302 0
[2026-05-16 02:43:04,194] INFO django.server log "GET /feedback/admin/courses/ HTTP/1.1" 200 109914
[2026-05-16 02:43:07,201] INFO django.server log "GET /feedback/admin/courses/ HTTP/1.1" 200 109359
[2026-05-16 02:43:25,818] INFO django.utils.autoreload autoreload Watching for file changes with StatReloader
[2026-05-16 02:43:32,559] INFO django.server log "GET /feedback/course-registration/ HTTP/1.1" 200 65180
[2026-05-16 02:43:39,839] INFO django.server log "GET /feedback/course-registration/ HTTP/1.1" 200 65180
[2026-05-16 02:44:02,656] INFO django.server log "GET /feedback/admin/courses/48/delete/ HTTP/1.1" 200 30887
[2026-05-16 02:44:03,961] INFO django.server log "POST /feedback/admin/courses/48/delete/ HTTP/1.1" 302 0
[2026-05-16 02:44:04,318] INFO django.server log "GET /feedback/admin/courses/ HTTP/1.1" 200 108395
[2026-05-16 02:44:10,567] INFO django.server log "GET /feedback/admin/assignments/?course_id=53 HTTP/1.1" 200 16238
[2026-05-16 02:44:17,134] INFO django.server log "GET /feedback/admin/courses/53/delete/ HTTP/1.1" 200 30907
[2026-05-16 02:44:18,420] INFO django.server log "POST /feedback/admin/courses/53/delete/ HTTP/1.1" 302 0
[2026-05-16 02:44:18,748] INFO django.server log "GET /feedback/admin/courses/ HTTP/1.1" 200 106861
[2026-05-16 02:44:23,046] INFO django.server log "GET /feedback/admin/courses/52/delete/ HTTP/1.1" 200 30905
[2026-05-16 02:44:24,258] INFO django.server log "POST /feedback/admin/courses/52/delete/ HTTP/1.1" 302 0
[2026-05-16 02:44:24,545] INFO django.server log "GET /feedback/admin/courses/ HTTP/1.1" 200 105332
[2026-05-16 02:44:31,427] INFO django.server log "GET /feedback/admin/courses/51/delete/ HTTP/1.1" 200 30662
[2026-05-16 02:44:36,490] INFO django.server log "GET /feedback/admin/courses/16/delete/ HTTP/1.1" 200 30903
[2026-05-16 02:47:11,315] INFO django.utils.autoreload autoreload Watching for file changes with StatReloader
[2026-05-16 02:47:20,282] INFO django.server log "GET /feedback/admin/courses/16/delete/ HTTP/1.1" 200 30913
[2026-05-16 02:47:30,745] INFO django.server log "GET / HTTP/1.1" 302 0
[2026-05-16 02:47:30,872] INFO django.server log "GET /dashboard/admin/ HTTP/1.1" 200 44151
[2026-05-16 02:47:38,480] INFO django.server log "GET /feedback/admin/courses/ HTTP/1.1" 200 104774
[2026-05-16 02:47:42,657] INFO django.server log "GET / HTTP/1.1" 302 0
[2026-05-16 02:47:42,727] INFO django.server log "GET /dashboard/admin/ HTTP/1.1" 200 44151
[2026-05-16 02:47:45,221] INFO django.server log "GET /complaints/admin/list/ HTTP/1.1" 200 75371
[2026-05-16 02:47:48,709] INFO django.server log "GET /complaints/hod/handle/32/ HTTP/1.1" 200 24286
[2026-05-16 02:47:50,854] INFO django.utils.autoreload autoreload C:\Users\fairo\Music\Py_feed2_recent\FeedbackFlow\feedback\views.py changed, reloading.
[2026-05-16 02:47:51,137] INFO django.utils.autoreload autoreload C:\Users\fairo\Music\Py_feed2_recent\FeedbackFlow\feedback\views.py changed, reloading.
[2026-05-16 02:47:52,597] INFO django.utils.autoreload autoreload Watching for file changes with StatReloader
[2026-05-16 02:47:52,603] INFO django.utils.autoreload autoreload Watching for file changes with StatReloader
[2026-05-16 02:47:57,566] INFO django.server log "GET / HTTP/1.1" 302 0
[2026-05-16 02:47:57,744] INFO django.server log "GET /dashboard/admin/ HTTP/1.1" 200 44151
[2026-05-16 02:48:05,759] INFO django.server log "GET /complaints/admin/list/ HTTP/1.1" 200 75371
[2026-05-16 02:48:08,088] INFO django.server log "GET /complaints/hod/handle/32/ HTTP/1.1" 200 24286
[2026-05-16 02:48:14,434] INFO django.server log "GET / HTTP/1.1" 302 0
[2026-05-16 02:48:14,485] INFO django.server log "GET /dashboard/admin/ HTTP/1.1" 200 44151
[2026-05-16 02:48:22,194] INFO django.server log "GET / HTTP/1.1" 302 0
[2026-05-16 02:48:22,403] INFO django.server log "GET /student/dashboard/ HTTP/1.1" 200 44107
[2026-05-16 02:48:24,732] INFO django.server log "GET /complaints/submit/ HTTP/1.1" 200 30801
[2026-05-16 02:48:48,997] INFO django.server log "GET / HTTP/1.1" 302 0
[2026-05-16 02:48:49,071] INFO django.server log "GET /student/dashboard/ HTTP/1.1" 200 44107
[2026-05-16 02:48:51,723] INFO django.server log "GET /tasks/ HTTP/1.1" 200 36728
[2026-05-16 02:49:15,102] INFO django.server log "POST /tasks/add/ HTTP/1.1" 302 0
[2026-05-16 02:49:15,158] INFO django.server log "GET /tasks/ HTTP/1.1" 200 38754
[2026-05-16 02:49:26,643] INFO django.server log "POST /tasks/add/ HTTP/1.1" 302 0
[2026-05-16 02:49:26,696] INFO django.server log "GET /tasks/ HTTP/1.1" 200 40513
[2026-05-16 02:49:38,923] INFO django.server log "POST /tasks/add/ HTTP/1.1" 302 0
[2026-05-16 02:49:38,969] INFO django.server log "GET /tasks/ HTTP/1.1" 200 42168
[2026-05-16 02:49:49,412] INFO django.server log "POST /tasks/add/ HTTP/1.1" 302 0
[2026-05-16 02:49:49,477] INFO django.server log "GET /tasks/ HTTP/1.1" 200 43651
[2026-05-16 02:49:57,415] INFO django.server log "GET / HTTP/1.1" 302 0
[2026-05-16 02:49:57,492] INFO django.server log "GET /student/dashboard/ HTTP/1.1" 200 44107
[2026-05-16 02:50:00,557] INFO django.server log "GET /tasks/ HTTP/1.1" 200 43107
[2026-05-16 02:50:04,750] INFO django.server log "POST /tasks/8/toggle/ HTTP/1.1" 302 0
[2026-05-16 02:50:04,797] INFO django.server log "GET /tasks/ HTTP/1.1" 200 43246
[2026-05-16 02:50:13,746] INFO django.server log "GET /tasks/ HTTP/1.1" 200 43246
[2026-05-16 02:51:18,829] INFO django.utils.autoreload autoreload Watching for file changes with StatReloader
[2026-05-16 02:51:24,179] INFO django.server log "GET /feedback/admin/courses/ HTTP/1.1" 200 104937
[2026-05-16 02:51:27,486] INFO django.server log "GET /feedback/admin/assignments/add/?course_id=51 HTTP/1.1" 200 22446
[2026-05-16 02:51:34,981] INFO django.server log "GET / HTTP/1.1" 302 0
[2026-05-16 02:51:35,097] INFO django.server log "GET /dashboard/admin/ HTTP/1.1" 200 44151
[2026-05-16 02:56:14,789] INFO django.utils.autoreload autoreload C:\Users\fairo\Music\Py_feed2_recent\FeedbackFlow\users\views.py changed, reloading.
[2026-05-16 02:56:17,533] INFO django.utils.autoreload autoreload Watching for file changes with StatReloader
[2026-05-16 02:56:17,938] INFO django.utils.autoreload autoreload Watching for file changes with StatReloader
[2026-05-16 02:58:37,456] INFO django.utils.autoreload autoreload Watching for file changes with StatReloader
[2026-05-16 02:58:44,583] INFO django.server log "GET /tasks/ HTTP/1.1" 200 43146
[2026-05-16 03:10:51,598] INFO django.utils.autoreload autoreload C:\Users\fairo\Music\Py_feed2_recent\FeedbackFlow\complaints\forms.py changed, reloading.
[2026-05-16 03:10:51,789] INFO django.utils.autoreload autoreload C:\Users\fairo\Music\Py_feed2_recent\FeedbackFlow\complaints\forms.py changed, reloading.
[2026-05-16 03:10:54,897] INFO django.utils.autoreload autoreload Watching for file changes with StatReloader
[2026-05-16 03:10:54,904] INFO django.utils.autoreload autoreload Watching for file changes with StatReloader
[2026-05-16 03:13:59,114] INFO django.utils.autoreload autoreload Watching for file changes with StatReloader
[2026-05-16 03:14:09,245] INFO django.server log "GET / HTTP/1.1" 302 0
[2026-05-16 03:14:09,499] INFO django.server log "GET /student/dashboard/ HTTP/1.1" 200 44107
[2026-05-16 03:14:13,558] INFO django.server log "GET /complaints/submit/ HTTP/1.1" 200 30875
[2026-05-16 03:15:25,776] INFO django.server log "POST /complaints/submit/ HTTP/1.1" 302 0
[2026-05-16 03:15:25,833] INFO django.server log "GET /complaints/my-complaints/ HTTP/1.1" 200 23966
[2026-05-16 03:15:46,448] INFO django.server log "GET /complaints/detail/33/ HTTP/1.1" 200 20151
[2026-05-16 03:15:52,761] INFO django.server log "GET / HTTP/1.1" 302 0
[2026-05-16 03:15:52,843] INFO django.server log "GET /student/dashboard/ HTTP/1.1" 200 44227
[2026-05-16 03:18:41,274] INFO django.server log "GET /hod/dashboard/ HTTP/1.1" 200 38640
[2026-05-16 03:18:45,890] INFO django.server log "GET /hod/dashboard/ HTTP/1.1" 200 38640
[2026-05-16 03:18:47,632] INFO django.server log "GET /notifications/ HTTP/1.1" 200 20711
[2026-05-16 03:18:50,443] INFO django.server log "GET / HTTP/1.1" 302 0
[2026-05-16 03:18:50,529] INFO django.server log "GET /hod/dashboard/ HTTP/1.1" 200 38640
[2026-05-16 03:18:54,709] INFO django.server log "GET /complaints/hod/list/ HTTP/1.1" 200 40504
[2026-05-16 03:19:00,081] INFO django.server log "GET / HTTP/1.1" 302 0
[2026-05-16 03:19:00,207] INFO django.server log "GET /hod/dashboard/ HTTP/1.1" 200 38640
[2026-05-16 03:19:09,656] INFO django.server log "GET /complaints/my-complaints/ HTTP/1.1" 200 23390
[2026-05-16 03:19:14,614] INFO django.server log "GET /complaints/detail/33/ HTTP/1.1" 200 20151
[2026-05-16 03:19:25,014] INFO django.server log "GET /hod/dashboard/ HTTP/1.1" 200 38640
[2026-05-16 03:19:25,847] INFO django.server log "GET /hod/dashboard/ HTTP/1.1" 200 38640
[2026-05-16 03:19:26,031] INFO django.server log "GET /hod/dashboard/ HTTP/1.1" 200 38640
[2026-05-16 03:19:26,366] INFO django.server log "GET /hod/dashboard/ HTTP/1.1" 200 38640
[2026-05-16 03:19:33,197] INFO django.server log "GET /feedback/faculty/list/ HTTP/1.1" 200 22134
[2026-05-16 03:19:34,396] INFO django.server log "GET / HTTP/1.1" 302 0
[2026-05-16 03:19:34,459] INFO django.server log "GET /hod/dashboard/ HTTP/1.1" 200 38640
[2026-05-16 03:19:40,497] INFO django.server log "GET /complaints/hod/handle/33/ HTTP/1.1" 200 24282
[2026-05-16 03:21:56,165] INFO django.server log "GET /notifications/ HTTP/1.1" 200 24338
[2026-05-16 03:22:02,870] INFO django.server log "GET /notifications/mark-read/116/ HTTP/1.1" 302 0
[2026-05-16 03:22:02,915] INFO django.server log "GET /complaints/detail/33/ HTTP/1.1" 200 20031
[2026-05-16 03:23:10,927] INFO django.server log "GET /complaints/my-complaints/ HTTP/1.1" 200 23270
[2026-05-16 03:23:12,700] INFO django.server log "GET / HTTP/1.1" 302 0
[2026-05-16 03:23:12,790] INFO django.server log "GET /student/dashboard/ HTTP/1.1" 200 44107
[2026-05-16 03:23:15,217] INFO django.server log "GET /complaints/submit/ HTTP/1.1" 200 30875
[2026-05-16 03:24:48,388] INFO django.server log "GET /notifications/ HTTP/1.1" 200 24338
[2026-05-16 03:24:50,469] INFO django.server log "GET /notifications/mark-read/116/ HTTP/1.1" 302 0
[2026-05-16 03:24:50,535] INFO django.server log "GET /complaints/detail/33/ HTTP/1.1" 200 20031
[2026-05-16 03:25:58,254] INFO django.server log "GET /complaints/my-complaints/ HTTP/1.1" 200 23270
[2026-05-16 03:25:59,019] INFO django.server log "GET /notifications/ HTTP/1.1" 200 24338
[2026-05-16 03:27:54,740] INFO django.utils.autoreload autoreload C:\Users\fairo\Music\Py_feed2_recent\FeedbackFlow\complaints\views.py changed, reloading.
[2026-05-16 03:27:55,503] INFO django.utils.autoreload autoreload C:\Users\fairo\Music\Py_feed2_recent\FeedbackFlow\complaints\views.py changed, reloading.
[2026-05-16 03:28:02,359] INFO django.utils.autoreload autoreload Watching for file changes with StatReloader
[2026-05-16 03:28:02,542] INFO django.utils.autoreload autoreload Watching for file changes with StatReloader
[2026-05-16 03:30:24,648] INFO django.utils.autoreload autoreload Watching for file changes with StatReloader
[2026-05-16 03:30:31,691] INFO django.server log "GET /notifications/ HTTP/1.1" 200 24338
[2026-05-16 03:30:35,480] INFO django.server log "GET / HTTP/1.1" 302 0
[2026-05-16 03:30:35,563] INFO django.server log "GET /student/dashboard/ HTTP/1.1" 200 44107
[2026-05-16 03:30:40,630] INFO django.server log "GET /student/dashboard/ HTTP/1.1" 200 44107
[2026-05-16 03:30:41,571] INFO django.server log "GET /student/dashboard/ HTTP/1.1" 200 44107
[2026-05-16 03:30:42,233] INFO django.server log "GET /student/dashboard/ HTTP/1.1" 200 44107
[2026-05-16 03:30:45,756] INFO django.server log "GET /complaints/submit/ HTTP/1.1" 200 30875
[2026-05-16 03:30:58,592] INFO django.server log "POST /complaints/submit/ HTTP/1.1" 302 0
[2026-05-16 03:30:58,651] INFO django.server log "GET /complaints/my-complaints/ HTTP/1.1" 200 25917
[2026-05-16 03:31:03,100] INFO django.server log "GET /notifications/ HTTP/1.1" 200 25243
[2026-05-16 03:31:17,056] INFO django.server log "GET /hod/dashboard/ HTTP/1.1" 200 38728
[2026-05-16 03:31:24,423] INFO django.server log "GET /complaints/hod/list/ HTTP/1.1" 200 41934
[2026-05-16 03:31:29,516] INFO django.server log "GET /notifications/ HTTP/1.1" 200 21503
[2026-05-16 03:31:42,062] INFO django.server log "GET /notifications/mark-read/118/ HTTP/1.1" 302 0
[2026-05-16 03:31:42,151] INFO django.server log "GET /complaints/detail/34/ HTTP/1.1" 200 20138
[2026-05-16 03:31:48,923] INFO django.server log "GET /notifications/mark-read/116/ HTTP/1.1" 302 0
[2026-05-16 03:31:49,017] INFO django.server log "GET /complaints/detail/33/ HTTP/1.1" 200 20140
[2026-05-16 03:32:32,950] INFO django.server log "GET /notifications/mark-read/116/ HTTP/1.1" 302 0
[2026-05-16 03:32:33,011] INFO django.server log "GET /complaints/detail/33/ HTTP/1.1" 200 20140
[2026-05-16 03:32:38,638] INFO django.server log "GET /complaints/my-complaints/ HTTP/1.1" 200 25223
[2026-05-16 03:32:40,679] INFO django.server log "GET /complaints/submit/ HTTP/1.1" 200 30875
[2026-05-16 03:32:53,857] INFO django.server log "POST /complaints/submit/ HTTP/1.1" 302 0
[2026-05-16 03:32:53,916] INFO django.server log "GET /complaints/my-complaints/ HTTP/1.1" 200 27846
[2026-05-16 03:32:57,138] INFO django.server log "GET /complaints/detail/35/ HTTP/1.1" 200 20253
[2026-05-16 03:33:05,054] INFO django.server log "GET /notifications/ HTTP/1.1" 200 26148
[2026-05-16 03:34:09,232] INFO django.server log "GET / HTTP/1.1" 302 0
[2026-05-16 03:34:09,364] INFO django.server log "GET /student/dashboard/ HTTP/1.1" 200 44107
[2026-05-16 03:34:16,557] INFO django.server log "GET /complaints/my-complaints/ HTTP/1.1" 200 27153
[2026-05-16 03:34:30,343] INFO django.server log "GET / HTTP/1.1" 302 0
[2026-05-16 03:34:30,455] INFO django.server log "GET /student/dashboard/ HTTP/1.1" 200 44107
[2026-05-16 03:34:45,505] INFO django.server log "GET /complaints/my-complaints/ HTTP/1.1" 200 27153
[2026-05-16 03:38:01,459] INFO django.utils.autoreload autoreload Watching for file changes with StatReloader
[2026-05-16 03:38:09,614] INFO django.server log "GET /student/dashboard/ HTTP/1.1" 200 44119
[2026-05-16 03:38:24,612] INFO django.server log "GET /complaints/my-complaints/ HTTP/1.1" 200 27153
[2026-05-16 03:38:27,458] INFO django.server log "GET /notifications/ HTTP/1.1" 200 26360
[2026-05-16 03:38:33,662] INFO django.server log "GET /notifications/mark-read/120/ HTTP/1.1" 302 0
[2026-05-16 03:38:33,749] INFO django.server log "GET /complaints/detail/35/ HTTP/1.1" 200 20133
[2026-05-16 03:38:35,789] INFO django.server log "GET / HTTP/1.1" 302 0
[2026-05-16 03:38:35,877] INFO django.server log "GET /student/dashboard/ HTTP/1.1" 200 44119
[2026-05-16 03:38:37,787] INFO django.server log "GET /complaints/submit/ HTTP/1.1" 200 30875
[2026-05-16 03:38:45,753] INFO django.server log "GET / HTTP/1.1" 302 0
[2026-05-16 03:38:45,809] INFO django.server log "GET /student/dashboard/ HTTP/1.1" 200 44119
[2026-05-16 03:38:59,302] INFO django.server log "GET / HTTP/1.1" 302 0
[2026-05-16 03:38:59,365] INFO django.server log "GET /hod/dashboard/ HTTP/1.1" 200 38711
[2026-05-16 03:39:02,894] INFO django.server log "GET /notifications/ HTTP/1.1" 200 22723
[2026-05-16 03:39:06,360] INFO django.server log "GET /notifications/mark-read/119/ HTTP/1.1" 302 0
[2026-05-16 03:39:06,413] INFO django.server log "GET /complaints/hod/handle/35/ HTTP/1.1" 200 24275
[2026-05-16 03:39:14,961] INFO django.server log "POST /complaints/hod/handle/35/ HTTP/1.1" 302 0
[2026-05-16 03:39:15,058] INFO django.server log "GET /complaints/hod/list/ HTTP/1.1" 200 43668
[2026-05-16 03:39:22,410] INFO django.server log "GET /dashboard/admin/ HTTP/1.1" 200 44151
[2026-05-16 03:39:27,851] INFO django.server log "GET /complaints/admin/list/ HTTP/1.1" 200 80679
[2026-05-16 03:40:04,171] INFO django.server log "GET /complaints/detail/35/ HTTP/1.1" 200 20612
[2026-05-16 03:40:11,669] INFO django.server log "GET /complaints/hod/handle/35/ HTTP/1.1" 200 25400
[2026-05-16 03:40:14,971] INFO django.server log "GET /complaints/hod/list/ HTTP/1.1" 200 43117
[2026-05-16 03:41:40,389] INFO django.utils.autoreload autoreload C:\Users\fairo\Music\Py_feed2_recent\FeedbackFlow\complaints\views.py changed, reloading.
[2026-05-16 03:41:40,945] INFO django.utils.autoreload autoreload C:\Users\fairo\Music\Py_feed2_recent\FeedbackFlow\complaints\views.py changed, reloading.
[2026-05-16 03:41:44,447] INFO django.utils.autoreload autoreload Watching for file changes with StatReloader
[2026-05-16 03:41:44,747] INFO django.utils.autoreload autoreload Watching for file changes with StatReloader
[2026-05-16 03:42:16,049] INFO django.utils.autoreload autoreload Watching for file changes with StatReloader
[2026-05-16 03:42:20,296] INFO django.server log "GET /complaints/admin/list/ HTTP/1.1" 200 80679
[2026-05-16 03:42:22,562] INFO django.server log "GET / HTTP/1.1" 302 0
[2026-05-16 03:42:22,749] INFO django.server log "GET /dashboard/admin/ HTTP/1.1" 200 44151
[2026-05-16 03:42:31,990] INFO django.server log "GET /notifications/ HTTP/1.1" 200 22723
[2026-05-16 03:42:34,269] INFO django.server log "GET /notifications/mark-read/117/ HTTP/1.1" 302 0
[2026-05-16 03:42:34,352] INFO django.server log "GET /complaints/hod/handle/34/ HTTP/1.1" 200 24277
[2026-05-16 03:42:41,210] INFO django.server log "POST /complaints/hod/handle/34/ HTTP/1.1" 302 0
[2026-05-16 03:42:41,355] INFO django.server log "GET /complaints/hod/list/ HTTP/1.1" 200 43659
[2026-05-16 03:42:45,479] INFO django.server log "GET /dashboard/admin/ HTTP/1.1" 200 44271
[2026-05-16 03:42:47,330] INFO django.server log "GET /notifications/ HTTP/1.1" 200 27523
[2026-05-16 03:43:02,941] INFO django.server log "GET /notifications/mark-read/125/ HTTP/1.1" 302 0
[2026-05-16 03:43:02,980] WARNING django.request log Not Found: /complaints/admin/handle/34/
[2026-05-16 03:43:02,981] WARNING django.server log "GET /complaints/admin/handle/34/ HTTP/1.1" 404 20454
[2026-05-16 03:43:30,706] INFO django.server log "GET /complaints/detail/35/ HTTP/1.1" 200 20612
[2026-05-16 03:43:39,871] INFO django.server log "GET /complaints/hod/list/ HTTP/1.1" 200 43108
[2026-05-16 03:43:42,445] INFO django.server log "GET / HTTP/1.1" 302 0
[2026-05-16 03:43:42,523] INFO django.server log "GET /hod/dashboard/ HTTP/1.1" 200 38573
[2026-05-16 03:43:44,033] INFO django.server log "GET /notifications/ HTTP/1.1" 200 22723
[2026-05-16 03:43:49,189] INFO django.server log "GET /notifications/mark-read/117/ HTTP/1.1" 302 0
[2026-05-16 03:43:49,295] INFO django.server log "GET /complaints/hod/handle/34/ HTTP/1.1" 200 25402
[2026-05-16 03:44:00,566] INFO django.server log "GET /complaints/hod/list/ HTTP/1.1" 200 43108
[2026-05-16 03:44:04,089] INFO django.server log "GET /complaints/detail/35/ HTTP/1.1" 200 20612
[2026-05-16 03:44:18,590] INFO django.server log "GET /notifications/ HTTP/1.1" 200 27523
[2026-05-16 03:44:20,789] INFO django.server log "GET / HTTP/1.1" 302 0
[2026-05-16 03:44:20,854] INFO django.server log "GET /dashboard/admin/ HTTP/1.1" 200 44151
[2026-05-16 03:44:28,658] INFO django.server log "GET /complaints/submit/ HTTP/1.1" 200 30995
[2026-05-16 03:44:40,205] INFO django.server log "POST /complaints/submit/ HTTP/1.1" 302 0
[2026-05-16 03:44:40,295] INFO django.server log "GET /complaints/my-complaints/ HTTP/1.1" 200 29789
[2026-05-16 03:44:42,459] INFO django.server log "GET /notifications/ HTTP/1.1" 200 28942
[2026-05-16 03:44:53,136] INFO django.server log "GET /complaints/detail/35/ HTTP/1.1" 200 20732
[2026-05-16 03:44:54,722] INFO django.server log "GET / HTTP/1.1" 302 0
[2026-05-16 03:44:54,766] INFO django.server log "GET /hod/dashboard/ HTTP/1.1" 200 38688
[2026-05-16 03:45:02,306] INFO django.server log "GET /notifications/ HTTP/1.1" 200 23566
[2026-05-16 03:45:06,685] INFO django.server log "GET /notifications/mark-read/129/ HTTP/1.1" 302 0
[2026-05-16 03:45:06,726] INFO django.server log "GET /complaints/hod/handle/36/ HTTP/1.1" 200 24280
[2026-05-16 03:45:09,803] INFO django.server log "POST /complaints/hod/handle/36/ HTTP/1.1" 302 0
[2026-05-16 03:45:09,914] INFO django.server log "GET /complaints/hod/list/ HTTP/1.1" 200 44964
[2026-05-16 03:45:14,406] INFO django.server log "GET /dashboard/admin/ HTTP/1.1" 200 44271
[2026-05-16 03:45:19,959] INFO django.server log "GET /notifications/ HTTP/1.1" 200 28369
[2026-05-16 03:45:23,088] INFO django.server log "GET /notifications/mark-read/134/ HTTP/1.1" 302 0
[2026-05-16 03:45:23,154] WARNING django.request log Not Found: /complaints/admin/handle/36/
[2026-05-16 03:45:23,155] WARNING django.server log "GET /complaints/admin/handle/36/ HTTP/1.1" 404 20454
[2026-05-16 03:46:19,589] INFO django.server log "GET /complaints/detail/36/ HTTP/1.1" 200 20617
[2026-05-16 03:46:26,039] INFO django.server log "GET /notifications/ HTTP/1.1" 200 23566
[2026-05-16 03:47:51,376] INFO django.server log "GET /notifications/mark-read/134/ HTTP/1.1" 302 0
[2026-05-16 03:47:51,464] WARNING django.request log Not Found: /complaints/admin/handle/36/
[2026-05-16 03:47:51,466] WARNING django.server log "GET /complaints/admin/handle/36/ HTTP/1.1" 404 20454
[2026-05-16 03:48:52,299] INFO django.utils.autoreload autoreload C:\Users\fairo\Music\Py_feed2_recent\FeedbackFlow\complaints\views.py changed, reloading.
[2026-05-16 03:48:52,333] INFO django.utils.autoreload autoreload C:\Users\fairo\Music\Py_feed2_recent\FeedbackFlow\complaints\views.py changed, reloading.
[2026-05-16 03:48:58,697] INFO django.utils.autoreload autoreload Watching for file changes with StatReloader
[2026-05-16 03:49:00,551] INFO django.utils.autoreload autoreload Watching for file changes with StatReloader
[2026-05-16 03:49:24,577] INFO django.utils.autoreload autoreload C:\Users\fairo\Music\Py_feed2_recent\FeedbackFlow\complaints\views.py changed, reloading.
[2026-05-16 03:49:25,259] INFO django.utils.autoreload autoreload C:\Users\fairo\Music\Py_feed2_recent\FeedbackFlow\complaints\views.py changed, reloading.
[2026-05-16 03:49:27,790] INFO django.utils.autoreload autoreload Watching for file changes with StatReloader
[2026-05-16 03:49:29,079] INFO django.utils.autoreload autoreload Watching for file changes with StatReloader
[2026-05-16 03:49:58,973] INFO django.utils.autoreload autoreload C:\Users\fairo\Music\Py_feed2_recent\FeedbackFlow\complaints\urls.py changed, reloading.
[2026-05-16 03:49:59,128] INFO django.utils.autoreload autoreload C:\Users\fairo\Music\Py_feed2_recent\FeedbackFlow\complaints\urls.py changed, reloading.
[2026-05-16 03:50:03,982] INFO django.utils.autoreload autoreload Watching for file changes with StatReloader
[2026-05-16 03:50:04,314] INFO django.utils.autoreload autoreload Watching for file changes with StatReloader
[2026-05-16 03:51:53,468] INFO django.utils.autoreload autoreload C:\Users\fairo\Music\Py_feed2_recent\FeedbackFlow\complaints\views.py changed, reloading.
[2026-05-16 03:51:53,713] INFO django.utils.autoreload autoreload C:\Users\fairo\Music\Py_feed2_recent\FeedbackFlow\complaints\views.py changed, reloading.
[2026-05-16 03:51:56,657] INFO django.utils.autoreload autoreload Watching for file changes with StatReloader
[2026-05-16 03:51:56,982] INFO django.utils.autoreload autoreload Watching for file changes with StatReloader
[2026-05-16 03:53:41,764] INFO django.utils.autoreload autoreload Watching for file changes with StatReloader
[2026-05-16 03:53:50,572] INFO django.server log "GET /complaints/admin/handle/36/ HTTP/1.1" 200 25396
[2026-05-16 03:53:56,318] INFO django.server log "GET / HTTP/1.1" 302 0
[2026-05-16 03:53:56,391] INFO django.server log "GET /dashboard/admin/ HTTP/1.1" 200 44151
[2026-05-16 03:54:00,862] INFO django.server log "GET /complaints/admin/list/ HTTP/1.1" 200 82822
[2026-05-16 03:54:05,088] INFO django.server log "GET /notifications/ HTTP/1.1" 200 28369
[2026-05-16 03:54:09,165] INFO django.server log "GET /notifications/mark-read/134/ HTTP/1.1" 302 0
[2026-05-16 03:54:09,205] INFO django.server log "GET /complaints/admin/handle/36/ HTTP/1.1" 200 25396
[2026-05-16 03:54:14,262] INFO django.server log "GET / HTTP/1.1" 302 0
[2026-05-16 03:54:14,326] INFO django.server log "GET /dashboard/admin/ HTTP/1.1" 200 44151
[2026-05-16 03:54:29,710] INFO django.server log "GET / HTTP/1.1" 302 0
[2026-05-16 03:54:29,954] INFO django.server log "GET /student/dashboard/ HTTP/1.1" 200 44240
[2026-05-16 03:54:32,712] INFO django.server log "GET /complaints/submit/ HTTP/1.1" 200 30995
[2026-05-16 03:54:43,102] INFO django.server log "POST /complaints/submit/ HTTP/1.1" 302 0
[2026-05-16 03:54:43,200] INFO django.server log "GET /complaints/my-complaints/ HTTP/1.1" 200 31726
[2026-05-16 03:55:14,497] INFO django.server log "GET / HTTP/1.1" 302 0
[2026-05-16 03:55:14,614] INFO django.server log "GET /hod/dashboard/ HTTP/1.1" 200 38676
[2026-05-16 03:55:16,871] INFO django.server log "GET /notifications/ HTTP/1.1" 200 24414
[2026-05-16 03:55:18,989] INFO django.server log "GET /notifications/mark-read/138/ HTTP/1.1" 302 0
[2026-05-16 03:55:19,066] INFO django.server log "GET /complaints/hod/handle/37/ HTTP/1.1" 200 24277
[2026-05-16 03:55:22,053] INFO django.server log "POST /complaints/hod/handle/37/ HTTP/1.1" 302 0
[2026-05-16 03:55:22,266] INFO django.server log "GET /complaints/hod/list/ HTTP/1.1" 200 46266
[2026-05-16 03:55:27,658] INFO django.server log "GET /dashboard/admin/ HTTP/1.1" 200 44271
[2026-05-16 03:55:28,951] INFO django.server log "GET /notifications/ HTTP/1.1" 200 29221
[2026-05-16 03:55:30,942] INFO django.server log "GET /notifications/mark-read/143/ HTTP/1.1" 302 0
[2026-05-16 03:55:31,015] INFO django.server log "GET /complaints/hod/handle/37/ HTTP/1.1" 200 25393
[2026-05-16 03:55:37,648] INFO django.server log "POST /complaints/hod/handle/37/ HTTP/1.1" 302 0
[2026-05-16 03:55:37,885] INFO django.server log "GET /complaints/admin/list/ HTTP/1.1" 200 85135
[2026-05-16 03:55:45,669] INFO django.server log "GET /complaints/my-complaints/ HTTP/1.1" 200 31154
[2026-05-16 03:55:47,403] INFO django.server log "GET /notifications/ HTTP/1.1" 200 32336
[2026-05-16 04:06:34,503] INFO django.utils.autoreload autoreload Watching for file changes with StatReloader
[2026-05-16 04:06:40,996] INFO django.server log "GET / HTTP/1.1" 302 0
[2026-05-16 04:06:41,410] INFO django.server log "GET /dashboard/admin/ HTTP/1.1" 200 44151
[2026-05-16 04:06:46,309] INFO django.server log "GET / HTTP/1.1" 302 0
[2026-05-16 04:06:46,386] INFO django.server log "GET /dashboard/admin/ HTTP/1.1" 200 44151
[2026-05-16 04:07:00,328] INFO django.server log "GET / HTTP/1.1" 302 0
[2026-05-16 04:07:00,495] INFO django.server log "GET /student/dashboard/ HTTP/1.1" 200 44120
[2026-05-16 04:07:20,541] INFO django.server log "GET / HTTP/1.1" 302 0
[2026-05-16 04:07:20,624] INFO django.server log "GET /hod/dashboard/ HTTP/1.1" 200 38547
[2026-05-16 04:07:25,791] INFO django.server log "GET /feedback/faculty/list/ HTTP/1.1" 200 22134
[2026-05-16 04:07:31,086] INFO django.server log "GET / HTTP/1.1" 302 0
[2026-05-16 04:07:31,126] INFO django.server log "GET /hod/dashboard/ HTTP/1.1" 200 38547
[2026-05-16 04:07:35,547] INFO django.server log "GET /feedback/submit/ HTTP/1.1" 200 35075
[2026-05-16 04:08:14,780] INFO django.server log "POST /feedback/submit/ HTTP/1.1" 302 0
[2026-05-16 04:08:14,894] INFO django.server log "GET /feedback/submit/ HTTP/1.1" 200 35695
[2026-05-16 04:08:27,671] INFO django.server log "GET /hod/dashboard/ HTTP/1.1" 200 38547
[2026-05-16 04:09:46,320] INFO django.server log "POST /feedback/submit/ HTTP/1.1" 302 0
[2026-05-16 04:09:46,514] INFO django.server log "GET /feedback/my-feedback/ HTTP/1.1" 200 34084
[2026-05-16 04:09:54,135] INFO django.utils.autoreload autoreload C:\Users\fairo\Music\Py_feed2_recent\FeedbackFlow\feedback\views.py changed, reloading.
[2026-05-16 04:09:54,466] INFO django.utils.autoreload autoreload C:\Users\fairo\Music\Py_feed2_recent\FeedbackFlow\feedback\views.py changed, reloading.
[2026-05-16 04:10:02,029] INFO django.utils.autoreload autoreload Watching for file changes with StatReloader
[2026-05-16 04:10:02,130] INFO django.utils.autoreload autoreload Watching for file changes with StatReloader
[2026-05-16 04:10:12,081] INFO django.server log "GET /feedback/faculty/list/ HTTP/1.1" 200 30100
[2026-05-16 04:10:21,772] INFO django.server log "GET / HTTP/1.1" 302 0
[2026-05-16 04:10:21,911] INFO django.server log "GET /faculty/dashboard/ HTTP/1.1" 200 37902
[2026-05-16 04:10:25,710] INFO django.server log "GET /faculty/dashboard/ HTTP/1.1" 200 37902
[2026-05-16 04:10:33,426] INFO django.server log "GET /feedback/faculty/list/ HTTP/1.1" 200 30100
[2026-05-16 04:10:38,990] INFO django.server log "GET / HTTP/1.1" 302 0
[2026-05-16 04:10:39,070] INFO django.server log "GET /faculty/dashboard/ HTTP/1.1" 200 37902
[2026-05-16 04:11:21,171] INFO django.server log "GET /feedback/faculty/list/ HTTP/1.1" 200 30100
[2026-05-16 04:11:24,626] INFO django.server log "GET / HTTP/1.1" 302 0
[2026-05-16 04:11:24,752] INFO django.server log "GET /faculty/dashboard/ HTTP/1.1" 200 37902
[2026-05-16 04:11:49,578] INFO django.utils.autoreload autoreload Watching for file changes with StatReloader
[2026-05-16 04:11:56,789] INFO django.server log "GET /feedback/submit/ HTTP/1.1" 200 34927
[2026-05-16 04:12:17,963] INFO django.server log "POST /feedback/submit/ HTTP/1.1" 302 0
[2026-05-16 04:12:18,090] INFO django.server log "GET /feedback/submit/ HTTP/1.1" 200 35547
[2026-05-16 04:12:35,697] INFO django.server log "GET / HTTP/1.1" 302 0
[2026-05-16 04:12:35,838] INFO django.server log "GET /student/dashboard/ HTTP/1.1" 200 44259
[2026-05-16 04:12:37,682] INFO django.server log "GET /feedback/course-registration/ HTTP/1.1" 200 57960
[2026-05-16 04:12:45,075] INFO django.server log "POST /feedback/course-registration/ HTTP/1.1" 302 0
[2026-05-16 04:12:45,212] INFO django.server log "GET /feedback/course-registration/ HTTP/1.1" 200 58740
[2026-05-16 04:12:47,300] INFO django.server log "GET / HTTP/1.1" 302 0
[2026-05-16 04:12:47,420] INFO django.server log "GET /student/dashboard/ HTTP/1.1" 200 44259
[2026-05-16 04:12:49,620] INFO django.server log "GET /feedback/submit/ HTTP/1.1" 200 35011
[2026-05-16 04:13:07,266] INFO django.server log "POST /feedback/submit/ HTTP/1.1" 302 0
[2026-05-16 04:13:07,346] INFO django.server log "GET /feedback/my-feedback/ HTTP/1.1" 200 36608
[2026-05-16 04:13:10,036] INFO django.server log "GET /feedback/submit/ HTTP/1.1" 200 34927
[2026-05-16 04:13:40,823] INFO django.server log "POST /feedback/submit/ HTTP/1.1" 302 0
[2026-05-16 04:13:40,896] INFO django.server log "GET /feedback/my-feedback/ HTTP/1.1" 200 39158
[2026-05-16 04:13:52,158] INFO django.server log "GET /hod/dashboard/ HTTP/1.1" 200 38667
[2026-05-16 04:13:54,910] INFO django.server log "GET /notifications/ HTTP/1.1" 200 26096
[2026-05-16 04:14:01,678] INFO django.server log "GET /notifications/mark-read/154/ HTTP/1.1" 302 0
[2026-05-16 04:14:01,840] INFO django.server log "GET /feedback/faculty/list/ HTTP/1.1" 200 22134
[2026-05-16 04:14:17,758] INFO django.server log "GET / HTTP/1.1" 302 0
[2026-05-16 04:14:17,837] INFO django.server log "GET /hod/dashboard/ HTTP/1.1" 200 38547
[2026-05-16 04:14:21,583] INFO django.server log "GET /feedback/faculty/list/ HTTP/1.1" 200 22134
[2026-05-16 04:14:33,203] INFO django.server log "GET / HTTP/1.1" 302 0
[2026-05-16 04:14:33,245] INFO django.server log "GET /hod/dashboard/ HTTP/1.1" 200 38547
[2026-05-16 04:14:43,539] INFO django.server log "GET /faculty/dashboard/ HTTP/1.1" 200 37992
[2026-05-16 04:14:46,838] INFO django.server log "GET /notifications/ HTTP/1.1" 200 19738
[2026-05-16 04:14:51,238] INFO django.server log "GET / HTTP/1.1" 302 0
[2026-05-16 04:14:51,451] INFO django.server log "GET /faculty/dashboard/ HTTP/1.1" 200 37872
[2026-05-16 04:14:54,444] INFO django.server log "GET /feedback/faculty/list/ HTTP/1.1" 200 32246
[2026-05-16 04:15:05,249] INFO django.server log "GET / HTTP/1.1" 302 0
[2026-05-16 04:15:05,310] INFO django.server log "GET /faculty/dashboard/ HTTP/1.1" 200 37872
[2026-05-16 04:15:11,295] INFO django.server log "GET / HTTP/1.1" 302 0
[2026-05-16 04:15:11,362] INFO django.server log "GET /faculty/dashboard/ HTTP/1.1" 200 37872
[2026-05-16 04:15:30,794] INFO django.server log "GET /notifications/ HTTP/1.1" 200 35079
[2026-05-16 04:15:38,355] INFO django.server log "GET /notifications/mark-read/149/ HTTP/1.1" 302 0
[2026-05-16 04:15:38,491] INFO django.server log "GET /feedback/detail/165/ HTTP/1.1" 200 22087
[2026-05-16 04:15:50,165] INFO django.server log "GET / HTTP/1.1" 302 0
[2026-05-16 04:15:50,332] INFO django.server log "GET /student/dashboard/ HTTP/1.1" 200 44164
[2026-05-16 10:03:40,009] INFO django.utils.autoreload autoreload Watching for file changes with StatReloader
[2026-05-16 10:03:42,339] ERROR django.request log Internal Server Error: /
Traceback (most recent call last):
  File "C:\Users\Lenovo\PycharmProjects\PythonProject40\.venv\Lib\site-packages\django\contrib\sessions\backends\base.py", line 246, in _get_session
    return self._session_cache
           ^^^^^^^^^^^^^^^^^^^
AttributeError: 'SessionStore' object has no attribute '_session_cache'

During handling of the above exception, another exception occurred:

Traceback (most recent call last):
  File "C:\Users\Lenovo\PycharmProjects\PythonProject40\.venv\Lib\site-packages\django\db\backends\utils.py", line 105, in _execute
    return self.cursor.execute(sql, params)
           ~~~~~~~~~~~~~~~~~~~^^^^^^^^^^^^^
  File "C:\Users\Lenovo\PycharmProjects\PythonProject40\.venv\Lib\site-packages\django\db\backends\sqlite3\base.py", line 359, in execute
    return super().execute(query, params)
           ~~~~~~~~~~~~~~~^^^^^^^^^^^^^^^
sqlite3.OperationalError: no such table: django_session

The above exception was the direct cause of the following exception:

Traceback (most recent call last):
  File "C:\Users\Lenovo\PycharmProjects\PythonProject40\.venv\Lib\site-packages\django\core\handlers\exception.py", line 55, in inner
    response = get_response(request)
  File "C:\Users\Lenovo\PycharmProjects\PythonProject40\.venv\Lib\site-packages\django\core\handlers\base.py", line 198, in _get_response
    response = wrapped_callback(request, *callback_args, **callback_kwargs)
  File "C:\Users\Lenovo\PycharmProjects\PythonProject40\Feedbackflow\homepage\views.py", line 4, in homepage_view
    if request.user.is_authenticated:
       ^^^^^^^^^^^^^^^^^^^^^^^^^^^^^
  File "C:\Users\Lenovo\PycharmProjects\PythonProject40\.venv\Lib\site-packages\django\utils\functional.py", line 251, in inner
    self._setup()
    ~~~~~~~~~~~^^
  File "C:\Users\Lenovo\PycharmProjects\PythonProject40\.venv\Lib\site-packages\django\utils\functional.py", line 404, in _setup
    self._wrapped = self._setupfunc()
                    ~~~~~~~~~~~~~~~^^
  File "C:\Users\Lenovo\PycharmProjects\PythonProject40\.venv\Lib\site-packages\django\contrib\auth\middleware.py", line 40, in <lambda>
    request.user = SimpleLazyObject(lambda: get_user(request))
                                            ~~~~~~~~^^^^^^^^^
  File "C:\Users\Lenovo\PycharmProjects\PythonProject40\.venv\Lib\site-packages\django\contrib\auth\middleware.py", line 20, in get_user
    request._cached_user = auth.get_user(request)
                           ~~~~~~~~~~~~~^^^^^^^^^
  File "C:\Users\Lenovo\PycharmProjects\PythonProject40\.venv\Lib\site-packages\django\contrib\auth\__init__.py", line 321, in get_user
    user_id = _get_user_session_key(request)
  File "C:\Users\Lenovo\PycharmProjects\PythonProject40\.venv\Lib\site-packages\django\contrib\auth\__init__.py", line 95, in _get_user_session_key
    return get_user_model()._meta.pk.to_python(request.session[SESSION_KEY])
                                               ~~~~~~~~~~~~~~~^^^^^^^^^^^^^
  File "C:\Users\Lenovo\PycharmProjects\PythonProject40\.venv\Lib\site-packages\django\contrib\sessions\backends\base.py", line 55, in __getitem__
    return self._session[key]
           ^^^^^^^^^^^^^
  File "C:\Users\Lenovo\PycharmProjects\PythonProject40\.venv\Lib\site-packages\django\contrib\sessions\backends\base.py", line 251, in _get_session
    self._session_cache = self.load()
                          ~~~~~~~~~^^
  File "C:\Users\Lenovo\PycharmProjects\PythonProject40\.venv\Lib\site-packages\django\contrib\sessions\backends\db.py", line 55, in load
    s = self._get_session_from_db()
  File "C:\Users\Lenovo\PycharmProjects\PythonProject40\.venv\Lib\site-packages\django\contrib\sessions\backends\db.py", line 34, in _get_session_from_db
    return self.model.objects.get(
           ~~~~~~~~~~~~~~~~~~~~~~^
        session_key=self.session_key, expire_date__gt=timezone.now()
        ^^^^^^^^^^^^^^^^^^^^^^^^^^^^^^^^^^^^^^^^^^^^^^^^^^^^^^^^^^^^
    )
    ^
  File "C:\Users\Lenovo\PycharmProjects\PythonProject40\.venv\Lib\site-packages\django\db\models\manager.py", line 87, in manager_method
    return getattr(self.get_queryset(), name)(*args, **kwargs)
           ~~~~~~~~~~~~~~~~~~~~~~~~~~~~~~~~~~^^^^^^^^^^^^^^^^^
  File "C:\Users\Lenovo\PycharmProjects\PythonProject40\.venv\Lib\site-packages\django\db\models\query.py", line 635, in get
    num = len(clone)
  File "C:\Users\Lenovo\PycharmProjects\PythonProject40\.venv\Lib\site-packages\django\db\models\query.py", line 372, in __len__
    self._fetch_all()
    ~~~~~~~~~~~~~~~^^
  File "C:\Users\Lenovo\PycharmProjects\PythonProject40\.venv\Lib\site-packages\django\db\models\query.py", line 2000, in _fetch_all
    self._result_cache = list(self._iterable_class(self))
                         ~~~~^^^^^^^^^^^^^^^^^^^^^^^^^^^^
  File "C:\Users\Lenovo\PycharmProjects\PythonProject40\.venv\Lib\site-packages\django\db\models\query.py", line 95, in __iter__
    results = compiler.execute_sql(
        chunked_fetch=self.chunked_fetch, chunk_size=self.chunk_size
    )
  File "C:\Users\Lenovo\PycharmProjects\PythonProject40\.venv\Lib\site-packages\django\db\models\sql\compiler.py", line 1624, in execute_sql
    cursor.execute(sql, params)
    ~~~~~~~~~~~~~~^^^^^^^^^^^^^
  File "C:\Users\Lenovo\PycharmProjects\PythonProject40\.venv\Lib\site-packages\django\db\backends\utils.py", line 122, in execute
    return super().execute(sql, params)
           ~~~~~~~~~~~~~~~^^^^^^^^^^^^^
  File "C:\Users\Lenovo\PycharmProjects\PythonProject40\.venv\Lib\site-packages\django\db\backends\utils.py", line 79, in execute
    return self._execute_with_wrappers(
           ~~~~~~~~~~~~~~~~~~~~~~~~~~~^
        sql, params, many=False, executor=self._execute
        ^^^^^^^^^^^^^^^^^^^^^^^^^^^^^^^^^^^^^^^^^^^^^^^
    )
    ^
  File "C:\Users\Lenovo\PycharmProjects\PythonProject40\.venv\Lib\site-packages\django\db\backends\utils.py", line 92, in _execute_with_wrappers
    return executor(sql, params, many, context)
  File "C:\Users\Lenovo\PycharmProjects\PythonProject40\.venv\Lib\site-packages\django\db\backends\utils.py", line 100, in _execute
    with self.db.wrap_database_errors:
         ^^^^^^^^^^^^^^^^^^^^^^^^^^^^
  File "C:\Users\Lenovo\PycharmProjects\PythonProject40\.venv\Lib\site-packages\django\db\utils.py", line 94, in __exit__
    raise dj_exc_value.with_traceback(traceback) from exc_value
  File "C:\Users\Lenovo\PycharmProjects\PythonProject40\.venv\Lib\site-packages\django\db\backends\utils.py", line 105, in _execute
    return self.cursor.execute(sql, params)
           ~~~~~~~~~~~~~~~~~~~^^^^^^^^^^^^^
  File "C:\Users\Lenovo\PycharmProjects\PythonProject40\.venv\Lib\site-packages\django\db\backends\sqlite3\base.py", line 359, in execute
    return super().execute(query, params)
           ~~~~~~~~~~~~~~~^^^^^^^^^^^^^^^
django.db.utils.OperationalError: no such table: django_session
[2026-05-16 10:03:42,350] ERROR django.server log "GET / HTTP/1.1" 500 183468
[2026-05-16 10:03:42,486] WARNING django.request log Not Found: /favicon.ico
[2026-05-16 10:03:42,486] WARNING django.server log "GET /favicon.ico HTTP/1.1" 404 14522
[2026-05-16 10:05:30,956] INFO django.utils.autoreload autoreload Watching for file changes with StatReloader
[2026-05-16 10:05:33,071] INFO django.server log "GET / HTTP/1.1" 200 37093
[2026-05-16 10:05:42,441] INFO django.server log "GET /login/ HTTP/1.1" 200 19123
[2026-05-16 10:06:02,448] INFO django.server log "POST /login/ HTTP/1.1" 200 19463
[2026-05-16 10:06:17,775] INFO django.server log "POST /login/ HTTP/1.1" 200 19463
[2026-05-16 10:06:26,682] INFO django.server log "GET /complaints/public-log/ HTTP/1.1" 200 28685
[2026-05-16 10:06:38,461] INFO django.server log "GET / HTTP/1.1" 200 37093
[2026-05-16 10:06:40,635] INFO django.server log "GET /register/ HTTP/1.1" 200 20096
[2026-05-16 10:07:22,126] INFO django.server log "POST /register/ HTTP/1.1" 302 0
[2026-05-16 10:07:22,135] INFO django.server log "GET /login/ HTTP/1.1" 200 19449
[2026-05-16 10:07:32,363] INFO django.server log "POST /login/ HTTP/1.1" 302 0
[2026-05-16 10:07:32,394] INFO django.server log "GET /student/dashboard/ HTTP/1.1" 200 39204
[2026-05-16 10:07:38,740] INFO django.server log "GET /appointment/ HTTP/1.1" 200 22157
[2026-05-16 10:07:48,999] INFO django.server log "GET / HTTP/1.1" 302 0
[2026-05-16 10:07:49,012] INFO django.server log "GET /student/dashboard/ HTTP/1.1" 200 38661
[2026-05-16 10:07:56,886] INFO django.server log "GET /complaints/submit/ HTTP/1.1" 200 29381
[2026-05-16 10:08:01,171] INFO django.server log "GET /appointment/ HTTP/1.1" 200 22157
[2026-05-16 10:08:03,519] INFO django.server log "GET / HTTP/1.1" 302 0
[2026-05-16 10:08:03,532] INFO django.server log "GET /student/dashboard/ HTTP/1.1" 200 38661
[2026-05-16 10:08:07,058] INFO django.server log "GET /appointment/ HTTP/1.1" 200 22157
[2026-05-16 10:08:08,517] INFO django.server log "GET / HTTP/1.1" 302 0
[2026-05-16 10:08:08,530] INFO django.server log "GET /student/dashboard/ HTTP/1.1" 200 38661
[2026-05-16 10:08:42,801] INFO django.server log "GET /feedback/my-feedback/ HTTP/1.1" 200 17921
[2026-05-16 10:08:45,713] INFO django.server log "GET /feedback/submit/ HTTP/1.1" 302 0
[2026-05-16 10:08:45,726] INFO django.server log "GET /feedback/my-feedback/ HTTP/1.1" 200 18551
[2026-05-16 10:08:53,640] INFO django.server log "GET / HTTP/1.1" 302 0
[2026-05-16 10:08:53,657] INFO django.server log "GET /student/dashboard/ HTTP/1.1" 200 38661
[2026-05-16 10:08:55,112] INFO django.server log "GET /feedback/submit/ HTTP/1.1" 302 0
[2026-05-16 10:08:55,124] INFO django.server log "GET /feedback/my-feedback/ HTTP/1.1" 200 18551
[2026-05-16 10:08:56,897] INFO django.server log "GET /feedback/submit/ HTTP/1.1" 302 0
[2026-05-16 10:08:56,908] INFO django.server log "GET /feedback/my-feedback/ HTTP/1.1" 200 18551
[2026-05-16 10:09:01,153] INFO django.server log "GET / HTTP/1.1" 302 0
[2026-05-16 10:09:01,168] INFO django.server log "GET /student/dashboard/ HTTP/1.1" 200 38661
[2026-05-16 10:09:03,215] INFO django.server log "GET /feedback/course-registration/ HTTP/1.1" 200 32283
[2026-05-16 10:10:18,899] INFO django.server log "GET / HTTP/1.1" 302 0
[2026-05-16 10:10:18,916] INFO django.server log "GET /student/dashboard/ HTTP/1.1" 200 38661
[2026-05-16 10:11:24,920] INFO django.server log "GET /tasks/ HTTP/1.1" 200 35881
[2026-05-16 10:11:38,115] INFO django.server log "GET / HTTP/1.1" 302 0
[2026-05-16 10:11:38,130] INFO django.server log "GET /student/dashboard/ HTTP/1.1" 200 38661
[2026-05-16 10:14:13,110] INFO django.server log "GET /complaints/submit/ HTTP/1.1" 200 29381
[2026-05-16 10:14:14,605] INFO django.server log "GET /appointment/ HTTP/1.1" 200 22157
[2026-05-16 10:14:18,519] INFO django.server log "GET / HTTP/1.1" 302 0
[2026-05-16 10:14:18,534] INFO django.server log "GET /student/dashboard/ HTTP/1.1" 200 38661
[2026-05-16 10:14:20,475] INFO django.server log "GET /appointment/ HTTP/1.1" 200 22157
[2026-05-16 10:14:22,672] INFO django.server log "GET / HTTP/1.1" 302 0
[2026-05-16 10:14:22,689] INFO django.server log "GET /student/dashboard/ HTTP/1.1" 200 38661
[2026-05-16 10:14:46,799] INFO django.server log "GET /complaints/submit/ HTTP/1.1" 200 29381
[2026-05-16 10:15:08,559] INFO django.server log "GET /student/dashboard/ HTTP/1.1" 200 38661
[2026-05-16 10:16:06,592] INFO django.server log "GET /complaints/public-log/ HTTP/1.1" 200 28887
[2026-05-16 10:16:13,299] INFO django.server log "GET / HTTP/1.1" 302 0
[2026-05-16 10:16:13,313] INFO django.server log "GET /student/dashboard/ HTTP/1.1" 200 38661
[2026-05-16 10:16:14,971] INFO django.server log "GET /feedback/submit/ HTTP/1.1" 302 0
[2026-05-16 10:16:14,981] INFO django.server log "GET /feedback/my-feedback/ HTTP/1.1" 200 18551
[2026-05-16 10:16:18,524] INFO django.server log "GET /feedback/submit/ HTTP/1.1" 302 0
[2026-05-16 10:16:18,534] INFO django.server log "GET /feedback/my-feedback/ HTTP/1.1" 200 18551
[2026-05-16 10:16:30,365] INFO django.server log "GET /complaints/public-log/ HTTP/1.1" 200 28887
[2026-05-16 10:16:38,324] INFO django.server log "GET / HTTP/1.1" 302 0
[2026-05-16 10:16:38,343] INFO django.server log "GET /student/dashboard/ HTTP/1.1" 200 38661
[2026-05-16 10:16:42,696] INFO django.server log "GET /complaints/submit/ HTTP/1.1" 200 29381
[2026-05-16 10:17:15,514] INFO django.server log "POST /complaints/submit/ HTTP/1.1" 302 0
[2026-05-16 10:17:15,531] INFO django.server log "GET /complaints/my-complaints/ HTTP/1.1" 200 21274
[2026-05-16 10:17:22,587] INFO django.server log "GET /complaints/submit/ HTTP/1.1" 200 29501
[2026-05-16 10:17:50,550] INFO django.server log "GET /notifications/ HTTP/1.1" 200 16584
[2026-05-16 10:17:58,099] INFO django.server log "GET /notifications/mark-read/1/ HTTP/1.1" 302 0
[2026-05-16 10:17:58,115] INFO django.server log "GET /complaints/detail/1/ HTTP/1.1" 200 19533
[2026-05-16 10:18:02,599] INFO django.server log "GET /complaints/my-complaints/ HTTP/1.1" 200 20582
[2026-05-16 10:18:04,086] INFO django.server log "GET / HTTP/1.1" 302 0
[2026-05-16 10:18:04,102] INFO django.server log "GET /student/dashboard/ HTTP/1.1" 200 38615
[2026-05-16 10:18:48,098] INFO django.server log "GET /appointment/ HTTP/1.1" 200 22157
[2026-05-16 10:18:49,724] INFO django.server log "GET / HTTP/1.1" 302 0
[2026-05-16 10:18:49,740] INFO django.server log "GET /student/dashboard/ HTTP/1.1" 200 38615
[2026-05-16 10:18:52,776] INFO django.server log "GET /appointment/ HTTP/1.1" 200 22157
[2026-05-16 10:18:56,343] INFO django.server log "GET / HTTP/1.1" 302 0
[2026-05-16 10:18:56,356] INFO django.server log "GET /student/dashboard/ HTTP/1.1" 200 38615
[2026-05-16 10:19:38,100] INFO django.server log "GET /tasks/ HTTP/1.1" 200 35881
[2026-05-16 10:19:41,943] INFO django.server log "GET / HTTP/1.1" 302 0
[2026-05-16 10:19:41,961] INFO django.server log "GET /student/dashboard/ HTTP/1.1" 200 38615
[2026-05-16 10:20:36,241] INFO django.server log "GET /complaints/submit/ HTTP/1.1" 200 29381
[2026-05-16 10:20:49,784] INFO django.server log "GET /student/dashboard/ HTTP/1.1" 200 38615
[2026-05-16 10:21:41,779] INFO django.server log "GET /complaints/submit/ HTTP/1.1" 200 29381
[2026-05-16 10:21:45,273] INFO django.server log "GET /student/dashboard/ HTTP/1.1" 200 38615
[2026-05-16 10:22:04,786] INFO django.server log "GET /feedback/submit/ HTTP/1.1" 302 0
[2026-05-16 10:22:04,798] INFO django.server log "GET /feedback/my-feedback/ HTTP/1.1" 200 18551
[2026-05-16 10:22:07,772] INFO django.server log "GET /feedback/submit/ HTTP/1.1" 302 0
[2026-05-16 10:22:07,787] INFO django.server log "GET /feedback/my-feedback/ HTTP/1.1" 200 18551
[2026-05-16 10:22:10,843] INFO django.server log "GET / HTTP/1.1" 302 0
[2026-05-16 10:22:10,863] INFO django.server log "GET /student/dashboard/ HTTP/1.1" 200 38615
[2026-05-16 10:22:12,918] INFO django.server log "GET /feedback/my-feedback/ HTTP/1.1" 200 17921
[2026-05-16 10:22:14,619] INFO django.server log "GET / HTTP/1.1" 302 0
[2026-05-16 10:22:14,637] INFO django.server log "GET /student/dashboard/ HTTP/1.1" 200 38615
[2026-05-16 10:22:21,711] INFO django.server log "GET /complaints/my-complaints/ HTTP/1.1" 200 20582
[2026-05-16 10:22:24,126] INFO django.server log "GET /complaints/detail/1/ HTTP/1.1" 200 19533
[2026-05-16 10:22:26,155] INFO django.server log "GET / HTTP/1.1" 302 0
[2026-05-16 10:22:26,174] INFO django.server log "GET /student/dashboard/ HTTP/1.1" 200 38615
[2026-05-16 10:22:30,834] INFO django.server log "GET /complaints/public-log/ HTTP/1.1" 200 28887
[2026-05-16 10:22:35,357] INFO django.server log "GET / HTTP/1.1" 302 0
[2026-05-16 10:22:35,372] INFO django.server log "GET /student/dashboard/ HTTP/1.1" 200 38615
[2026-05-16 10:22:42,072] INFO django.server log "GET /tasks/ HTTP/1.1" 200 35881
[2026-05-16 10:22:48,445] INFO django.server log "GET / HTTP/1.1" 302 0
[2026-05-16 10:22:48,461] INFO django.server log "GET /student/dashboard/ HTTP/1.1" 200 38615
[2026-05-16 10:27:48,088] INFO django.server log "GET /feedback/course-registration/ HTTP/1.1" 200 32283
[2026-05-16 10:28:01,677] INFO django.server log "GET /logout/ HTTP/1.1" 302 0
[2026-05-16 10:28:01,683] INFO django.server log "GET /login/ HTTP/1.1" 200 19437
[2026-05-16 10:28:39,150] INFO django.server log "POST /login/ HTTP/1.1" 200 19460
[2026-05-16 10:29:00,845] INFO django.server log "POST /login/ HTTP/1.1" 200 19460
[2026-05-16 10:29:25,012] INFO django.server log "POST /login/ HTTP/1.1" 200 19461
[2026-05-16 10:35:15,971] INFO django.utils.autoreload autoreload Watching for file changes with StatReloader
[2026-05-16 10:35:18,353] INFO django.server log "GET / HTTP/1.1" 200 37093
[2026-05-16 10:35:20,144] INFO django.server log "GET /login/ HTTP/1.1" 200 19123
[2026-05-16 10:35:22,922] INFO django.server log "POST /login/ HTTP/1.1" 302 0
[2026-05-16 10:35:22,957] INFO django.server log "GET /student/dashboard/ HTTP/1.1" 200 39158
[2026-05-16 10:35:24,980] INFO django.server log "GET /tasks/ HTTP/1.1" 200 68582
[2026-05-16 10:35:50,334] INFO django.server log "POST /tasks/add/ HTTP/1.1" 302 0
[2026-05-16 10:35:50,347] INFO django.server log "GET /tasks/ HTTP/1.1" 200 70874
[2026-05-16 10:35:55,386] INFO django.server log "POST /tasks/1/toggle/ HTTP/1.1" 302 0
[2026-05-16 10:35:55,399] INFO django.server log "GET /tasks/ HTTP/1.1" 200 70533
[2026-05-16 13:32:29,732] INFO django.utils.autoreload autoreload Watching for file changes with StatReloader
[2026-05-16 13:32:35,917] INFO django.server log "GET /logout/ HTTP/1.1" 302 0
[2026-05-16 13:32:36,432] INFO django.server log "GET /login/ HTTP/1.1" 200 19435
[2026-05-16 13:32:59,105] INFO django.server log "POST /login/ HTTP/1.1" 302 0
[2026-05-16 13:32:59,339] INFO django.server log "GET /dashboard/admin/ HTTP/1.1" 200 44361
[2026-05-16 13:33:08,845] INFO django.server log "GET /dashboard/users/ HTTP/1.1" 200 119923
[2026-05-16 13:33:22,709] INFO django.server log "GET /dashboard/users/?q=poly++Begum+&role=Student&department=Architecture&status=active HTTP/1.1" 200 37389
[2026-05-16 19:47:47,587] INFO django.utils.autoreload autoreload Watching for file changes with StatReloader
[2026-05-16 19:47:52,531] INFO django.server log "GET / HTTP/1.1" 302 0
[2026-05-16 19:47:52,776] INFO django.server log "GET /dashboard/admin/ HTTP/1.1" 200 43820
[2026-05-16 19:47:53,377] WARNING django.request log Not Found: /favicon.ico
[2026-05-16 19:47:53,378] WARNING django.server log "GET /favicon.ico HTTP/1.1" 404 14522
[2026-05-16 19:47:55,659] INFO django.server log "GET /complaints/public-log/ HTTP/1.1" 200 28885
[2026-05-16 19:50:39,912] INFO django.server log "GET / HTTP/1.1" 302 0
[2026-05-16 19:50:40,031] INFO django.server log "GET /dashboard/admin/ HTTP/1.1" 200 43820
[2026-05-16 19:50:52,021] INFO django.server log "GET /feedback/admin/courses/ HTTP/1.1" 200 92790
[2026-05-16 19:51:04,739] INFO django.server log "GET /feedback/admin/courses/?search=ARCH101&department=Architecture&active=active HTTP/1.1" 200 36413
[2026-05-16 19:51:08,572] INFO django.server log "GET /feedback/admin/assignments/?course_id=36 HTTP/1.1" 200 17358
[2026-05-16 19:51:11,374] INFO django.server log "GET / HTTP/1.1" 302 0
[2026-05-16 19:51:11,440] INFO django.server log "GET /dashboard/admin/ HTTP/1.1" 200 43820
[2026-05-16 19:51:12,579] INFO django.server log "GET / HTTP/1.1" 302 0
[2026-05-16 19:51:12,645] INFO django.server log "GET /dashboard/admin/ HTTP/1.1" 200 43820
[2026-05-16 20:38:31,224] INFO django.utils.autoreload autoreload Watching for file changes with StatReloader
[2026-05-16 20:38:36,603] INFO django.server log "GET / HTTP/1.1" 200 37093
[2026-05-16 20:38:38,082] WARNING django.request log Not Found: /favicon.ico
[2026-05-16 20:38:38,087] WARNING django.server log "GET /favicon.ico HTTP/1.1" 404 14522
[2026-05-16 20:38:42,120] INFO django.server log "GET /login/ HTTP/1.1" 200 19123
[2026-05-16 20:38:46,752] INFO django.server log "POST /login/ HTTP/1.1" 200 19469
[2026-05-16 20:38:59,914] INFO django.server log "GET /admin/ HTTP/1.1" 302 0
[2026-05-16 20:39:00,393] INFO django.server log "GET /admin/login/?next=/admin/ HTTP/1.1" 200 4091
[2026-05-16 20:39:00,827] INFO django.server log "GET /static/admin/css/login.css HTTP/1.1" 200 951
[2026-05-16 20:39:00,828] INFO django.server log "GET /static/admin/css/dark_mode.css HTTP/1.1" 200 3538
[2026-05-16 20:39:00,832] INFO django.server log "GET /static/admin/css/nav_sidebar.css HTTP/1.1" 200 2810
[2026-05-16 20:39:00,838] INFO django.server log "GET /static/admin/css/base.css HTTP/1.1" 200 23100
[2026-05-16 20:39:00,840] INFO django.server log "GET /static/admin/css/responsive.css HTTP/1.1" 200 16273
[2026-05-16 20:39:00,956] INFO django.server log "GET /static/admin/js/theme.js HTTP/1.1" 200 1653
[2026-05-16 20:39:00,956] INFO django.server log "GET /static/admin/js/nav_sidebar.js HTTP/1.1" 200 3063
[2026-05-16 20:39:13,287] INFO django.server log "POST /admin/login/?next=/admin/ HTTP/1.1" 200 4267
[2026-05-16 20:39:35,435] INFO django.server log "POST /admin/login/?next=/admin/ HTTP/1.1" 200 4267
[2026-05-16 20:39:54,412] INFO django.utils.autoreload autoreload Watching for file changes with StatReloader
[2026-05-16 20:39:58,735] INFO django.server log "GET / HTTP/1.1" 200 37093
[2026-05-16 20:41:50,922] INFO django.utils.autoreload autoreload Watching for file changes with StatReloader
[2026-05-16 20:42:07,259] INFO django.server log "POST /admin/login/?next=/admin/ HTTP/1.1" 200 4265
[2026-05-16 20:42:19,835] INFO django.server log "POST /admin/login/?next=/admin/ HTTP/1.1" 302 0
[2026-05-16 20:42:19,919] INFO django.server log "GET /admin/ HTTP/1.1" 200 14626
[2026-05-16 20:42:20,119] INFO django.server log "GET /static/admin/css/dashboard.css HTTP/1.1" 200 441
[2026-05-16 20:42:20,188] INFO django.server log "GET /static/admin/img/icon-changelink.svg HTTP/1.1" 200 978
[2026-05-16 20:42:20,189] INFO django.server log "GET /static/admin/img/icon-addlink.svg HTTP/1.1" 200 593
[2026-05-16 20:42:25,575] INFO django.server log "GET /admin/users/user/ HTTP/1.1" 200 20126
[2026-05-16 20:42:25,626] INFO django.server log "GET /static/admin/css/changelists.css HTTP/1.1" 200 7498
[2026-05-16 20:42:25,706] INFO django.server log "GET /static/admin/js/core.js HTTP/1.1" 200 6208
[2026-05-16 20:42:25,762] INFO django.server log "GET /static/admin/js/jquery.init.js HTTP/1.1" 200 347
[2026-05-16 20:42:25,769] INFO django.server log "GET /admin/jsi18n/ HTTP/1.1" 200 3342
[2026-05-16 20:42:25,770] INFO django.server log "GET /static/admin/js/actions.js HTTP/1.1" 200 8076
[2026-05-16 20:42:25,785] INFO django.server log "GET /static/admin/js/admin/RelatedObjectLookups.js HTTP/1.1" 200 9777
[2026-05-16 20:42:25,810] INFO django.server log "GET /static/admin/js/urlify.js HTTP/1.1" 200 7887
[2026-05-16 20:42:25,840] INFO django.server log "GET /static/admin/js/prepopulate.js HTTP/1.1" 200 1531
[2026-05-16 20:42:25,850] INFO django.server log "GET /static/admin/js/vendor/jquery/jquery.js HTTP/1.1" 200 285314
[2026-05-16 20:42:25,851] INFO django.server log "GET /static/admin/img/search.svg HTTP/1.1" 200 607
[2026-05-16 20:42:25,858] INFO django.server log "GET /static/admin/img/icon-yes.svg HTTP/1.1" 200 558
[2026-05-16 20:42:25,964] INFO django.server log "GET /static/admin/js/filters.js HTTP/1.1" 200 978
[2026-05-16 20:42:26,266] INFO django.server log "GET /static/admin/js/vendor/xregexp/xregexp.js HTTP/1.1" 200 325171
[2026-05-16 20:42:26,340] INFO django.server log "GET /static/admin/img/icon-viewlink.svg HTTP/1.1" 200 928
[2026-05-16 20:42:26,342] INFO django.server log "GET /static/admin/img/tooltag-add.svg HTTP/1.1" 200 593
[2026-05-16 20:42:26,358] INFO django.server log "GET /static/admin/img/sorting-icons.svg HTTP/1.1" 200 1761
[2026-05-16 20:42:29,354] INFO django.server log "GET /admin/users/notification/ HTTP/1.1" 200 15857
[2026-05-16 20:42:29,373] INFO django.server log "GET /admin/jsi18n/ HTTP/1.1" 200 3342
[2026-05-16 20:42:31,156] INFO django.server log "GET /admin/users/appointment/ HTTP/1.1" 200 17372
[2026-05-16 20:42:31,184] INFO django.server log "GET /admin/jsi18n/ HTTP/1.1" 200 3342
[2026-05-16 21:01:10,053] INFO django.utils.autoreload autoreload Watching for file changes with StatReloader
[2026-05-16 21:01:16,057] ERROR django.request log Internal Server Error: /
Traceback (most recent call last):
  File "C:\Users\fairo\AppData\Local\Programs\Python\Python314\Lib\site-packages\django\contrib\sessions\backends\base.py", line 246, in _get_session
    return self._session_cache
           ^^^^^^^^^^^^^^^^^^^
AttributeError: 'SessionStore' object has no attribute '_session_cache'

During handling of the above exception, another exception occurred:

Traceback (most recent call last):
  File "C:\Users\fairo\AppData\Local\Programs\Python\Python314\Lib\site-packages\django\db\backends\utils.py", line 105, in _execute
    return self.cursor.execute(sql, params)
           ~~~~~~~~~~~~~~~~~~~^^^^^^^^^^^^^
  File "C:\Users\fairo\AppData\Local\Programs\Python\Python314\Lib\site-packages\django\db\backends\sqlite3\base.py", line 359, in execute
    return super().execute(query, params)
           ~~~~~~~~~~~~~~~^^^^^^^^^^^^^^^
sqlite3.OperationalError: no such table: django_session

The above exception was the direct cause of the following exception:

Traceback (most recent call last):
  File "C:\Users\fairo\AppData\Local\Programs\Python\Python314\Lib\site-packages\django\core\handlers\exception.py", line 55, in inner
    response = get_response(request)
  File "C:\Users\fairo\AppData\Local\Programs\Python\Python314\Lib\site-packages\django\core\handlers\base.py", line 198, in _get_response
    response = wrapped_callback(request, *callback_args, **callback_kwargs)
  File "C:\Users\fairo\Music\Py_feed2_recent\FeedbackFlow\homepage\views.py", line 4, in homepage_view
    if request.user.is_authenticated:
       ^^^^^^^^^^^^^^^^^^^^^^^^^^^^^
  File "C:\Users\fairo\AppData\Local\Programs\Python\Python314\Lib\site-packages\django\utils\functional.py", line 251, in inner
    self._setup()
    ~~~~~~~~~~~^^
  File "C:\Users\fairo\AppData\Local\Programs\Python\Python314\Lib\site-packages\django\utils\functional.py", line 404, in _setup
    self._wrapped = self._setupfunc()
                    ~~~~~~~~~~~~~~~^^
  File "C:\Users\fairo\AppData\Local\Programs\Python\Python314\Lib\site-packages\django\contrib\auth\middleware.py", line 40, in <lambda>
    request.user = SimpleLazyObject(lambda: get_user(request))
                                            ~~~~~~~~^^^^^^^^^
  File "C:\Users\fairo\AppData\Local\Programs\Python\Python314\Lib\site-packages\django\contrib\auth\middleware.py", line 20, in get_user
    request._cached_user = auth.get_user(request)
                           ~~~~~~~~~~~~~^^^^^^^^^
  File "C:\Users\fairo\AppData\Local\Programs\Python\Python314\Lib\site-packages\django\contrib\auth\__init__.py", line 311, in get_user
    user_id = _get_user_session_key(request)
  File "C:\Users\fairo\AppData\Local\Programs\Python\Python314\Lib\site-packages\django\contrib\auth\__init__.py", line 95, in _get_user_session_key
    return get_user_model()._meta.pk.to_python(request.session[SESSION_KEY])
                                               ~~~~~~~~~~~~~~~^^^^^^^^^^^^^
  File "C:\Users\fairo\AppData\Local\Programs\Python\Python314\Lib\site-packages\django\contrib\sessions\backends\base.py", line 55, in __getitem__
    return self._session[key]
           ^^^^^^^^^^^^^
  File "C:\Users\fairo\AppData\Local\Programs\Python\Python314\Lib\site-packages\django\contrib\sessions\backends\base.py", line 251, in _get_session
    self._session_cache = self.load()
                          ~~~~~~~~~^^
  File "C:\Users\fairo\AppData\Local\Programs\Python\Python314\Lib\site-packages\django\contrib\sessions\backends\db.py", line 55, in load
    s = self._get_session_from_db()
  File "C:\Users\fairo\AppData\Local\Programs\Python\Python314\Lib\site-packages\django\contrib\sessions\backends\db.py", line 34, in _get_session_from_db
    return self.model.objects.get(
           ~~~~~~~~~~~~~~~~~~~~~~^
        session_key=self.session_key, expire_date__gt=timezone.now()
        ^^^^^^^^^^^^^^^^^^^^^^^^^^^^^^^^^^^^^^^^^^^^^^^^^^^^^^^^^^^^
    )
    ^
  File "C:\Users\fairo\AppData\Local\Programs\Python\Python314\Lib\site-packages\django\db\models\manager.py", line 87, in manager_method
    return getattr(self.get_queryset(), name)(*args, **kwargs)
           ~~~~~~~~~~~~~~~~~~~~~~~~~~~~~~~~~~^^^^^^^^^^^^^^^^^
  File "C:\Users\fairo\AppData\Local\Programs\Python\Python314\Lib\site-packages\django\db\models\query.py", line 635, in get
    num = len(clone)
  File "C:\Users\fairo\AppData\Local\Programs\Python\Python314\Lib\site-packages\django\db\models\query.py", line 372, in __len__
    self._fetch_all()
    ~~~~~~~~~~~~~~~^^
  File "C:\Users\fairo\AppData\Local\Programs\Python\Python314\Lib\site-packages\django\db\models\query.py", line 2000, in _fetch_all
    self._result_cache = list(self._iterable_class(self))
                         ~~~~^^^^^^^^^^^^^^^^^^^^^^^^^^^^
  File "C:\Users\fairo\AppData\Local\Programs\Python\Python314\Lib\site-packages\django\db\models\query.py", line 95, in __iter__
    results = compiler.execute_sql(
        chunked_fetch=self.chunked_fetch, chunk_size=self.chunk_size
    )
  File "C:\Users\fairo\AppData\Local\Programs\Python\Python314\Lib\site-packages\django\db\models\sql\compiler.py", line 1624, in execute_sql
    cursor.execute(sql, params)
    ~~~~~~~~~~~~~~^^^^^^^^^^^^^
  File "C:\Users\fairo\AppData\Local\Programs\Python\Python314\Lib\site-packages\django\db\backends\utils.py", line 122, in execute
    return super().execute(sql, params)
           ~~~~~~~~~~~~~~~^^^^^^^^^^^^^
  File "C:\Users\fairo\AppData\Local\Programs\Python\Python314\Lib\site-packages\django\db\backends\utils.py", line 79, in execute
    return self._execute_with_wrappers(
           ~~~~~~~~~~~~~~~~~~~~~~~~~~~^
        sql, params, many=False, executor=self._execute
        ^^^^^^^^^^^^^^^^^^^^^^^^^^^^^^^^^^^^^^^^^^^^^^^
    )
    ^
  File "C:\Users\fairo\AppData\Local\Programs\Python\Python314\Lib\site-packages\django\db\backends\utils.py", line 92, in _execute_with_wrappers
    return executor(sql, params, many, context)
  File "C:\Users\fairo\AppData\Local\Programs\Python\Python314\Lib\site-packages\django\db\backends\utils.py", line 100, in _execute
    with self.db.wrap_database_errors:
         ^^^^^^^^^^^^^^^^^^^^^^^^^^^^
  File "C:\Users\fairo\AppData\Local\Programs\Python\Python314\Lib\site-packages\django\db\utils.py", line 94, in __exit__
    raise dj_exc_value.with_traceback(traceback) from exc_value
  File "C:\Users\fairo\AppData\Local\Programs\Python\Python314\Lib\site-packages\django\db\backends\utils.py", line 105, in _execute
    return self.cursor.execute(sql, params)
           ~~~~~~~~~~~~~~~~~~~^^^^^^^^^^^^^
  File "C:\Users\fairo\AppData\Local\Programs\Python\Python314\Lib\site-packages\django\db\backends\sqlite3\base.py", line 359, in execute
    return super().execute(query, params)
           ~~~~~~~~~~~~~~~^^^^^^^^^^^^^^^
django.db.utils.OperationalError: no such table: django_session
[2026-05-16 21:01:16,087] ERROR django.server log "GET / HTTP/1.1" 500 191090
[2026-05-16 21:01:33,405] ERROR django.request log Internal Server Error: /admin/users/appointment/
Traceback (most recent call last):
  File "C:\Users\fairo\AppData\Local\Programs\Python\Python314\Lib\site-packages\django\contrib\sessions\backends\base.py", line 246, in _get_session
    return self._session_cache
           ^^^^^^^^^^^^^^^^^^^
AttributeError: 'SessionStore' object has no attribute '_session_cache'

During handling of the above exception, another exception occurred:

Traceback (most recent call last):
  File "C:\Users\fairo\AppData\Local\Programs\Python\Python314\Lib\site-packages\django\db\backends\utils.py", line 105, in _execute
    return self.cursor.execute(sql, params)
           ~~~~~~~~~~~~~~~~~~~^^^^^^^^^^^^^
  File "C:\Users\fairo\AppData\Local\Programs\Python\Python314\Lib\site-packages\django\db\backends\sqlite3\base.py", line 359, in execute
    return super().execute(query, params)
           ~~~~~~~~~~~~~~~^^^^^^^^^^^^^^^
sqlite3.OperationalError: no such table: django_session

The above exception was the direct cause of the following exception:

Traceback (most recent call last):
  File "C:\Users\fairo\AppData\Local\Programs\Python\Python314\Lib\site-packages\django\core\handlers\exception.py", line 55, in inner
    response = get_response(request)
  File "C:\Users\fairo\AppData\Local\Programs\Python\Python314\Lib\site-packages\django\core\handlers\base.py", line 198, in _get_response
    response = wrapped_callback(request, *callback_args, **callback_kwargs)
  File "C:\Users\fairo\AppData\Local\Programs\Python\Python314\Lib\site-packages\django\contrib\admin\options.py", line 710, in wrapper
    return self.admin_site.admin_view(view)(*args, **kwargs)
           ~~~~~~~~~~~~~~~~~~~~~~~~~~~~~~~~^^^^^^^^^^^^^^^^^
  File "C:\Users\fairo\AppData\Local\Programs\Python\Python314\Lib\site-packages\django\utils\decorators.py", line 192, in _view_wrapper
    result = _process_exception(request, e)
  File "C:\Users\fairo\AppData\Local\Programs\Python\Python314\Lib\site-packages\django\utils\decorators.py", line 190, in _view_wrapper
    response = view_func(request, *args, **kwargs)
  File "C:\Users\fairo\AppData\Local\Programs\Python\Python314\Lib\site-packages\django\views\decorators\cache.py", line 80, in _view_wrapper
    response = view_func(request, *args, **kwargs)
  File "C:\Users\fairo\AppData\Local\Programs\Python\Python314\Lib\site-packages\django\contrib\admin\sites.py", line 235, in inner
    if not self.has_permission(request):
           ~~~~~~~~~~~~~~~~~~~^^^^^^^^^
  File "C:\Users\fairo\AppData\Local\Programs\Python\Python314\Lib\site-packages\django\contrib\admin\sites.py", line 208, in has_permission
    return request.user.is_active and request.user.is_staff
           ^^^^^^^^^^^^^^^^^^^^^^
  File "C:\Users\fairo\AppData\Local\Programs\Python\Python314\Lib\site-packages\django\utils\functional.py", line 251, in inner
    self._setup()
    ~~~~~~~~~~~^^
  File "C:\Users\fairo\AppData\Local\Programs\Python\Python314\Lib\site-packages\django\utils\functional.py", line 404, in _setup
    self._wrapped = self._setupfunc()
                    ~~~~~~~~~~~~~~~^^
  File "C:\Users\fairo\AppData\Local\Programs\Python\Python314\Lib\site-packages\django\contrib\auth\middleware.py", line 40, in <lambda>
    request.user = SimpleLazyObject(lambda: get_user(request))
                                            ~~~~~~~~^^^^^^^^^
  File "C:\Users\fairo\AppData\Local\Programs\Python\Python314\Lib\site-packages\django\contrib\auth\middleware.py", line 20, in get_user
    request._cached_user = auth.get_user(request)
                           ~~~~~~~~~~~~~^^^^^^^^^
  File "C:\Users\fairo\AppData\Local\Programs\Python\Python314\Lib\site-packages\django\contrib\auth\__init__.py", line 311, in get_user
    user_id = _get_user_session_key(request)
  File "C:\Users\fairo\AppData\Local\Programs\Python\Python314\Lib\site-packages\django\contrib\auth\__init__.py", line 95, in _get_user_session_key
    return get_user_model()._meta.pk.to_python(request.session[SESSION_KEY])
                                               ~~~~~~~~~~~~~~~^^^^^^^^^^^^^
  File "C:\Users\fairo\AppData\Local\Programs\Python\Python314\Lib\site-packages\django\contrib\sessions\backends\base.py", line 55, in __getitem__
    return self._session[key]
           ^^^^^^^^^^^^^
  File "C:\Users\fairo\AppData\Local\Programs\Python\Python314\Lib\site-packages\django\contrib\sessions\backends\base.py", line 251, in _get_session
    self._session_cache = self.load()
                          ~~~~~~~~~^^
  File "C:\Users\fairo\AppData\Local\Programs\Python\Python314\Lib\site-packages\django\contrib\sessions\backends\db.py", line 55, in load
    s = self._get_session_from_db()
  File "C:\Users\fairo\AppData\Local\Programs\Python\Python314\Lib\site-packages\django\contrib\sessions\backends\db.py", line 34, in _get_session_from_db
    return self.model.objects.get(
           ~~~~~~~~~~~~~~~~~~~~~~^
        session_key=self.session_key, expire_date__gt=timezone.now()
        ^^^^^^^^^^^^^^^^^^^^^^^^^^^^^^^^^^^^^^^^^^^^^^^^^^^^^^^^^^^^
    )
    ^
  File "C:\Users\fairo\AppData\Local\Programs\Python\Python314\Lib\site-packages\django\db\models\manager.py", line 87, in manager_method
    return getattr(self.get_queryset(), name)(*args, **kwargs)
           ~~~~~~~~~~~~~~~~~~~~~~~~~~~~~~~~~~^^^^^^^^^^^^^^^^^
  File "C:\Users\fairo\AppData\Local\Programs\Python\Python314\Lib\site-packages\django\db\models\query.py", line 635, in get
    num = len(clone)
  File "C:\Users\fairo\AppData\Local\Programs\Python\Python314\Lib\site-packages\django\db\models\query.py", line 372, in __len__
    self._fetch_all()
    ~~~~~~~~~~~~~~~^^
  File "C:\Users\fairo\AppData\Local\Programs\Python\Python314\Lib\site-packages\django\db\models\query.py", line 2000, in _fetch_all
    self._result_cache = list(self._iterable_class(self))
                         ~~~~^^^^^^^^^^^^^^^^^^^^^^^^^^^^
  File "C:\Users\fairo\AppData\Local\Programs\Python\Python314\Lib\site-packages\django\db\models\query.py", line 95, in __iter__
    results = compiler.execute_sql(
        chunked_fetch=self.chunked_fetch, chunk_size=self.chunk_size
    )
  File "C:\Users\fairo\AppData\Local\Programs\Python\Python314\Lib\site-packages\django\db\models\sql\compiler.py", line 1624, in execute_sql
    cursor.execute(sql, params)
    ~~~~~~~~~~~~~~^^^^^^^^^^^^^
  File "C:\Users\fairo\AppData\Local\Programs\Python\Python314\Lib\site-packages\django\db\backends\utils.py", line 122, in execute
    return super().execute(sql, params)
           ~~~~~~~~~~~~~~~^^^^^^^^^^^^^
  File "C:\Users\fairo\AppData\Local\Programs\Python\Python314\Lib\site-packages\django\db\backends\utils.py", line 79, in execute
    return self._execute_with_wrappers(
           ~~~~~~~~~~~~~~~~~~~~~~~~~~~^
        sql, params, many=False, executor=self._execute
        ^^^^^^^^^^^^^^^^^^^^^^^^^^^^^^^^^^^^^^^^^^^^^^^
    )
    ^
  File "C:\Users\fairo\AppData\Local\Programs\Python\Python314\Lib\site-packages\django\db\backends\utils.py", line 92, in _execute_with_wrappers
    return executor(sql, params, many, context)
  File "C:\Users\fairo\AppData\Local\Programs\Python\Python314\Lib\site-packages\django\db\backends\utils.py", line 100, in _execute
    with self.db.wrap_database_errors:
         ^^^^^^^^^^^^^^^^^^^^^^^^^^^^
  File "C:\Users\fairo\AppData\Local\Programs\Python\Python314\Lib\site-packages\django\db\utils.py", line 94, in __exit__
    raise dj_exc_value.with_traceback(traceback) from exc_value
  File "C:\Users\fairo\AppData\Local\Programs\Python\Python314\Lib\site-packages\django\db\backends\utils.py", line 105, in _execute
    return self.cursor.execute(sql, params)
           ~~~~~~~~~~~~~~~~~~~^^^^^^^^^^^^^
  File "C:\Users\fairo\AppData\Local\Programs\Python\Python314\Lib\site-packages\django\db\backends\sqlite3\base.py", line 359, in execute
    return super().execute(query, params)
           ~~~~~~~~~~~~~~~^^^^^^^^^^^^^^^
django.db.utils.OperationalError: no such table: django_session
[2026-05-16 21:01:33,420] ERROR django.server log "GET /admin/users/appointment/ HTTP/1.1" 500 216956
[2026-05-17 12:16:54,215] INFO django.utils.autoreload autoreload Watching for file changes with StatReloader
[2026-05-17 14:09:25,087] INFO django.utils.autoreload autoreload Watching for file changes with StatReloader
[2026-05-17 14:09:51,800] INFO django.utils.autoreload autoreload Watching for file changes with StatReloader
[2026-05-17 14:09:54,843] INFO django.server log "GET / HTTP/1.1" 200 37093
[2026-05-17 14:09:55,227] WARNING django.request log Not Found: /favicon.ico
[2026-05-17 14:09:55,228] WARNING django.server log "GET /favicon.ico HTTP/1.1" 404 14522
[2026-05-17 14:09:57,191] INFO django.server log "GET /login/ HTTP/1.1" 200 19123
[2026-05-17 14:09:59,970] INFO django.server log "POST /login/ HTTP/1.1" 302 0
[2026-05-17 14:10:00,081] INFO django.server log "GET /student/dashboard/ HTTP/1.1" 200 42613
[2026-05-17 14:10:04,211] INFO django.server log "GET /complaints/submit/ HTTP/1.1" 200 30091
[2026-05-17 14:10:40,674] INFO django.server log "POST /complaints/submit/ HTTP/1.1" 302 0
[2026-05-17 14:10:40,724] INFO django.server log "GET /complaints/my-complaints/ HTTP/1.1" 200 21296
[2026-05-17 14:13:09,654] INFO django.server log "GET / HTTP/1.1" 200 37093
[2026-05-17 14:13:33,294] INFO django.server log "GET /login/ HTTP/1.1" 200 19123
[2026-05-17 14:15:39,478] INFO django.server log "POST /login/ HTTP/1.1" 302 0
[2026-05-17 14:15:39,536] INFO django.server log "GET /hod/dashboard/ HTTP/1.1" 200 39327
[2026-05-17 14:16:57,490] INFO django.server log "GET /dashboard/feedback-analytics/ HTTP/1.1" 200 69917
[2026-05-17 14:18:35,979] INFO django.server log "GET /dashboard/feedback-analytics/?faculty=23&date_from=2026-05-10&date_to=2026-06-10 HTTP/1.1" 200 35702
[2026-05-17 14:18:50,382] INFO django.server log "GET / HTTP/1.1" 302 0
[2026-05-17 14:18:50,409] INFO django.server log "GET /hod/dashboard/ HTTP/1.1" 200 38787
[2026-05-17 14:19:20,182] INFO django.server log "GET /dashboard/feedback-analytics/ HTTP/1.1" 200 69917
[2026-05-17 14:23:33,536] INFO django.server log "GET / HTTP/1.1" 302 0
[2026-05-17 14:23:33,569] INFO django.server log "GET /student/dashboard/ HTTP/1.1" 200 42192
[2026-05-17 14:23:35,920] INFO django.server log "GET /complaints/submit/ HTTP/1.1" 200 30211
[2026-05-17 14:23:54,416] INFO django.server log "POST /complaints/submit/ HTTP/1.1" 302 0
[2026-05-17 14:23:54,435] INFO django.server log "GET /complaints/my-complaints/ HTTP/1.1" 200 23224
[2026-05-17 14:23:58,257] INFO django.server log "GET /complaints/detail/32/ HTTP/1.1" 200 19667
[2026-05-17 14:24:01,117] INFO django.server log "GET /complaints/my-complaints/ HTTP/1.1" 200 22651
[2026-05-17 14:24:03,064] INFO django.server log "GET /complaints/detail/33/ HTTP/1.1" 200 19505
[2026-05-17 14:24:33,014] INFO django.server log "GET /dashboard/feedback-analytics/ HTTP/1.1" 200 69917
[2026-05-17 14:25:40,465] INFO django.server log "GET /dashboard/feedback-reports/ HTTP/1.1" 200 64197
[2026-05-17 14:27:54,654] INFO django.server log "GET /dashboard/feedback-analytics/ HTTP/1.1" 200 69917
[2026-05-17 14:28:02,956] INFO django.server log "GET /dashboard/feedback-reports/ HTTP/1.1" 200 64197
[2026-05-17 14:28:27,092] INFO django.server log "GET / HTTP/1.1" 302 0
[2026-05-17 14:28:27,128] INFO django.server log "GET /hod/dashboard/ HTTP/1.1" 200 38765
[2026-05-17 14:28:29,150] INFO django.server log "GET /dashboard/feedback-analytics/ HTTP/1.1" 200 69917
[2026-05-17 14:28:37,114] INFO django.server log "GET / HTTP/1.1" 302 0
[2026-05-17 14:28:37,138] INFO django.server log "GET /hod/dashboard/ HTTP/1.1" 200 38765
[2026-05-17 14:28:38,284] INFO django.server log "GET /dashboard/feedback-reports/ HTTP/1.1" 200 64197
[2026-05-17 14:28:49,250] INFO django.server log "GET / HTTP/1.1" 302 0
[2026-05-17 14:28:49,275] INFO django.server log "GET /hod/dashboard/ HTTP/1.1" 200 38765
[2026-05-17 14:29:01,264] INFO django.server log "GET /complaints/my-complaints/ HTTP/1.1" 200 22651
[2026-05-17 14:30:49,495] INFO django.server log "GET /notifications/ HTTP/1.1" 200 22725
[2026-05-17 14:30:53,593] INFO django.server log "GET /notifications/mark-read/103/ HTTP/1.1" 302 0
[2026-05-17 14:30:53,701] INFO django.server log "GET /complaints/hod/handle/33/ HTTP/1.1" 200 24276
[2026-05-17 14:31:33,906] INFO django.server log "GET / HTTP/1.1" 302 0
[2026-05-17 14:31:33,930] INFO django.server log "GET /hod/dashboard/ HTTP/1.1" 200 38645
[2026-05-17 14:31:36,301] INFO django.server log "GET /feedback/faculty/list/ HTTP/1.1" 200 22134
[2026-05-17 14:31:37,430] INFO django.server log "GET / HTTP/1.1" 302 0
[2026-05-17 14:31:37,453] INFO django.server log "GET /hod/dashboard/ HTTP/1.1" 200 38645
[2026-05-17 14:31:38,084] INFO django.server log "GET /complaints/hod/list/ HTTP/1.1" 200 40509
[2026-05-17 14:31:40,422] INFO django.server log "GET / HTTP/1.1" 302 0
[2026-05-17 14:31:40,446] INFO django.server log "GET /hod/dashboard/ HTTP/1.1" 200 38645
[2026-05-17 14:31:44,810] INFO django.server log "GET / HTTP/1.1" 302 0
[2026-05-17 14:31:44,845] INFO django.server log "GET /student/dashboard/ HTTP/1.1" 200 42192
[2026-05-17 14:31:45,876] INFO django.server log "GET /feedback/submit/ HTTP/1.1" 302 0
[2026-05-17 14:31:45,914] INFO django.server log "GET /feedback/my-feedback/ HTTP/1.1" 200 28003
[2026-05-17 14:31:47,737] INFO django.server log "GET /feedback/submit/ HTTP/1.1" 302 0
[2026-05-17 14:31:47,758] INFO django.server log "GET /feedback/my-feedback/ HTTP/1.1" 200 28003
[2026-05-19 20:15:47,595] INFO django.utils.autoreload autoreload Watching for file changes with StatReloader
[2026-05-19 20:15:53,255] INFO django.server log "GET / HTTP/1.1" 302 0
[2026-05-19 20:15:53,380] INFO django.server log "GET /student/dashboard/ HTTP/1.1" 200 42192
[2026-05-19 20:15:54,047] WARNING django.request log Not Found: /favicon.ico
[2026-05-19 20:15:54,049] WARNING django.server log "GET /favicon.ico HTTP/1.1" 404 14522
[2026-05-19 20:16:13,503] INFO django.server log "GET /complaints/my-complaints/ HTTP/1.1" 200 22651
[2026-05-19 20:16:20,951] INFO django.server log "GET /complaints/detail/33/ HTTP/1.1" 200 19505
[2026-05-19 20:16:24,282] INFO django.server log "GET / HTTP/1.1" 302 0
[2026-05-19 20:16:24,326] INFO django.server log "GET /student/dashboard/ HTTP/1.1" 200 42192
[2026-05-19 20:16:26,724] INFO django.server log "GET /complaints/my-complaints/ HTTP/1.1" 200 22651
[2026-05-19 20:17:07,757] INFO django.server log "GET /complaints/detail/33/ HTTP/1.1" 200 19505
[2026-05-19 20:17:24,130] INFO django.server log "GET / HTTP/1.1" 302 0
[2026-05-19 20:17:24,178] INFO django.server log "GET /student/dashboard/ HTTP/1.1" 200 42192
[2026-05-19 20:18:03,056] INFO django.server log "GET / HTTP/1.1" 200 37093
[2026-05-19 20:18:08,251] INFO django.server log "GET /login/ HTTP/1.1" 200 19123
[2026-05-19 20:18:22,508] INFO django.server log "POST /login/ HTTP/1.1" 302 0
[2026-05-19 20:18:22,564] INFO django.server log "GET /hod/dashboard/ HTTP/1.1" 200 39185
[2026-05-19 20:18:37,675] INFO django.server log "GET /complaints/submit/ HTTP/1.1" 200 30211
[2026-05-19 20:25:45,307] INFO django.server log "GET /complaints/hod/list/?mode=pending HTTP/1.1" 200 46105
[2026-05-19 20:25:47,599] INFO django.server log "GET / HTTP/1.1" 302 0
[2026-05-19 20:25:47,640] INFO django.server log "GET /hod/dashboard/ HTTP/1.1" 200 38645
[2026-05-19 20:25:49,077] INFO django.server log "GET /complaints/hod/faculty-complaint-summary/ HTTP/1.1" 200 19896
[2026-05-19 20:25:53,418] INFO django.server log "GET /complaints/hod/faculty-complaint-summary/?faculty_id=22 HTTP/1.1" 200 40084
[2026-05-19 20:25:57,813] INFO django.server log "GET /complaints/hod/faculty-complaint-summary/?faculty_id=22 HTTP/1.1" 200 40084
[2026-05-19 20:25:58,729] INFO django.server log "GET /complaints/hod/faculty-complaint-summary/?faculty_id=22 HTTP/1.1" 200 40084
[2026-05-19 20:26:02,726] INFO django.server log "GET /complaints/hod/faculty-complaint-summary/?faculty_id=23 HTTP/1.1" 200 41667
[2026-05-19 20:26:11,232] INFO django.server log "GET /complaints/public-log/ HTTP/1.1" 200 34065
[2026-05-19 20:28:00,759] INFO django.server log "GET / HTTP/1.1" 302 0
[2026-05-19 20:28:00,790] INFO django.server log "GET /hod/dashboard/ HTTP/1.1" 200 38645
[2026-05-19 20:28:04,211] INFO django.server log "GET /dashboard/feedback-analytics/ HTTP/1.1" 200 69797
[2026-05-19 20:28:17,531] INFO django.server log "GET / HTTP/1.1" 302 0
[2026-05-19 20:28:17,561] INFO django.server log "GET /hod/dashboard/ HTTP/1.1" 200 38645
[2026-05-19 20:28:18,834] INFO django.server log "GET /dashboard/feedback-reports/ HTTP/1.1" 200 64077
[2026-05-19 20:28:24,358] INFO django.server log "GET / HTTP/1.1" 302 0
[2026-05-19 20:28:24,392] INFO django.server log "GET /hod/dashboard/ HTTP/1.1" 200 38645
[2026-05-19 20:28:32,518] INFO django.server log "GET / HTTP/1.1" 302 0
[2026-05-19 20:28:32,547] INFO django.server log "GET /hod/dashboard/ HTTP/1.1" 200 38645
[2026-05-19 20:28:35,293] INFO django.server log "GET / HTTP/1.1" 302 0
[2026-05-19 20:28:35,318] INFO django.server log "GET /hod/dashboard/ HTTP/1.1" 200 38645
[2026-05-19 20:28:41,310] INFO django.server log "GET /complaints/hod/handle/33/ HTTP/1.1" 200 24276
[2026-05-19 20:28:48,312] INFO django.server log "GET / HTTP/1.1" 302 0
[2026-05-19 20:28:48,345] INFO django.server log "GET /hod/dashboard/ HTTP/1.1" 200 38645
[2026-05-19 20:28:51,645] INFO django.server log "GET /hod/faculty/ HTTP/1.1" 200 31889
[2026-05-19 20:28:53,916] INFO django.server log "GET / HTTP/1.1" 302 0
[2026-05-19 20:28:53,949] INFO django.server log "GET /hod/dashboard/ HTTP/1.1" 200 38645
[2026-05-19 20:32:11,481] INFO django.server log "POST /complaints/submit/ HTTP/1.1" 302 0
[2026-05-19 20:32:11,524] INFO django.server log "GET /complaints/my-complaints/ HTTP/1.1" 200 25165
[2026-05-19 20:40:56,034] INFO django.server log "GET /hod/dashboard/ HTTP/1.1" 200 38744
[2026-05-19 20:41:00,551] INFO django.server log "GET /complaints/hod/list/ HTTP/1.1" 200 41950
[2026-05-19 20:41:17,144] INFO django.server log "GET /complaints/detail/34/ HTTP/1.1" 200 20210
[2026-05-19 20:41:21,814] INFO django.server log "GET /complaints/hod/list/ HTTP/1.1" 200 41950
[2026-05-19 20:41:26,672] INFO django.server log "GET / HTTP/1.1" 302 0
[2026-05-19 20:41:26,704] INFO django.server log "GET /hod/dashboard/ HTTP/1.1" 200 38744
[2026-05-19 20:41:32,523] INFO django.server log "GET / HTTP/1.1" 302 0
[2026-05-19 20:41:32,554] INFO django.server log "GET /hod/dashboard/ HTTP/1.1" 200 38744
[2026-05-19 20:41:37,336] INFO django.server log "GET / HTTP/1.1" 302 0
[2026-05-19 20:41:37,363] INFO django.server log "GET /hod/dashboard/ HTTP/1.1" 200 38744
[2026-05-19 20:44:15,575] INFO django.server log "GET / HTTP/1.1" 302 0
[2026-05-19 20:44:15,648] INFO django.server log "GET /student/dashboard/ HTTP/1.1" 200 42192
[2026-05-19 20:44:18,373] INFO django.server log "GET /complaints/submit/ HTTP/1.1" 200 30211
[2026-05-19 20:44:27,263] INFO django.server log "GET / HTTP/1.1" 302 0
[2026-05-19 20:44:27,312] INFO django.server log "GET /student/dashboard/ HTTP/1.1" 200 42192
[2026-05-19 20:47:12,824] INFO django.server log "GET /complaints/submit/ HTTP/1.1" 200 30211
[2026-05-19 20:47:44,098] INFO django.server log "GET /student/dashboard/ HTTP/1.1" 200 42195
[2026-05-19 20:52:58,299] INFO django.server log "GET /student/dashboard/ HTTP/1.1" 200 42206
[2026-05-19 20:53:00,335] INFO django.server log "GET /student/dashboard/ HTTP/1.1" 200 42206
[2026-05-19 20:53:04,284] INFO django.server log "GET /complaints/my-complaints/ HTTP/1.1" 200 24592
[2026-05-19 20:53:17,579] INFO django.server log "GET / HTTP/1.1" 302 0
[2026-05-19 20:53:17,674] INFO django.server log "GET /student/dashboard/ HTTP/1.1" 200 42206
[2026-05-19 20:53:22,618] INFO django.server log "GET /complaints/my-complaints/ HTTP/1.1" 200 24592
[2026-05-19 20:56:11,328] INFO django.server log "GET /complaints/my-complaints/ HTTP/1.1" 200 24597
[2026-05-19 20:56:27,319] INFO django.server log "GET /complaints/my-complaints/ HTTP/1.1" 200 24597
[2026-05-19 20:57:39,712] INFO django.server log "GET /complaints/my-complaints/ HTTP/1.1" 200 24614
[2026-05-19 20:58:11,578] INFO django.server log "GET /complaints/my-complaints/ HTTP/1.1" 200 24625
[2026-05-19 20:58:20,819] INFO django.server log "GET / HTTP/1.1" 302 0
[2026-05-19 20:58:20,952] INFO django.server log "GET /student/dashboard/ HTTP/1.1" 200 42206
[2026-05-19 20:58:43,118] INFO django.server log "GET /appointment/ HTTP/1.1" 200 22283
[2026-05-19 20:58:45,293] INFO django.server log "GET / HTTP/1.1" 302 0
[2026-05-19 20:58:45,325] INFO django.server log "GET /student/dashboard/ HTTP/1.1" 200 42206
[2026-05-19 20:58:47,544] INFO django.server log "GET /complaints/submit/ HTTP/1.1" 200 30211
[2026-05-19 20:59:51,389] INFO django.server log "GET /complaints/submit/ HTTP/1.1" 200 30205
[2026-05-19 21:00:12,122] INFO django.server log "GET / HTTP/1.1" 302 0
[2026-05-19 21:00:12,360] INFO django.server log "GET /student/dashboard/ HTTP/1.1" 200 42206
[2026-05-19 21:00:45,835] INFO django.server log "GET /notifications/ HTTP/1.1" 200 23575
[2026-05-19 21:00:50,390] INFO django.server log "GET / HTTP/1.1" 302 0
[2026-05-19 21:00:50,462] INFO django.server log "GET /hod/dashboard/ HTTP/1.1" 200 38624
[2026-05-19 21:01:37,467] INFO django.server log "GET / HTTP/1.1" 200 37093
[2026-05-19 21:01:38,485] WARNING django.request log Not Found: /favicon.ico
[2026-05-19 21:01:38,492] WARNING django.server log "GET /favicon.ico HTTP/1.1" 404 14522
[2026-05-19 21:01:43,624] INFO django.server log "GET / HTTP/1.1" 200 37093
[2026-05-19 21:01:51,091] INFO django.server log "GET /login/ HTTP/1.1" 200 19123
[2026-05-19 21:02:03,605] INFO django.server log "POST /login/ HTTP/1.1" 302 0
[2026-05-19 21:02:03,671] INFO django.server log "GET /dashboard/admin/ HTTP/1.1" 200 44650
[2026-05-19 21:06:19,106] INFO django.server log "GET /complaints/hod/list/ HTTP/1.1" 200 41830
[2026-05-19 21:06:34,903] INFO django.server log "GET /complaints/hod/list/ HTTP/1.1" 200 41830
[2026-05-19 21:09:52,447] INFO django.server log "GET / HTTP/1.1" 302 0
[2026-05-19 21:09:52,492] INFO django.server log "GET /hod/dashboard/ HTTP/1.1" 200 38624
[2026-05-19 21:10:01,100] INFO django.server log "GET /complaints/hod/list/ HTTP/1.1" 200 41830
[2026-05-19 21:10:05,694] INFO django.server log "GET / HTTP/1.1" 302 0
[2026-05-19 21:10:05,734] INFO django.server log "GET /hod/dashboard/ HTTP/1.1" 200 38624
[2026-05-19 23:17:26,038] INFO django.utils.autoreload autoreload C:\Users\fairo\Music\Py_feed2_recent\FeedbackFlow\complaints\models.py changed, reloading.
[2026-05-19 23:17:29,241] INFO django.utils.autoreload autoreload Watching for file changes with StatReloader
[2026-05-19 23:17:38,658] INFO django.utils.autoreload autoreload C:\Users\fairo\Music\Py_feed2_recent\FeedbackFlow\complaints\forms.py changed, reloading.
[2026-05-19 23:17:39,308] INFO django.utils.autoreload autoreload Watching for file changes with StatReloader
[2026-05-19 23:20:33,600] INFO django.utils.autoreload autoreload C:\Users\fairo\Music\Py_feed2_recent\FeedbackFlow\complaints\views.py changed, reloading.
[2026-05-19 23:20:34,180] INFO django.utils.autoreload autoreload Watching for file changes with StatReloader
[2026-05-19 23:23:08,822] INFO django.utils.autoreload autoreload Watching for file changes with StatReloader
[2026-05-19 23:24:21,146] INFO django.server log "GET /hod/dashboard/ HTTP/1.1" 200 38624
[2026-05-19 23:24:22,226] INFO django.server log "GET /hod/dashboard/ HTTP/1.1" 200 38624
[2026-05-19 23:24:28,557] INFO django.server log "GET /dashboard/admin/ HTTP/1.1" 200 44109
[2026-05-19 23:24:31,790] INFO django.server log "GET /dashboard/admin/ HTTP/1.1" 200 44109
[2026-05-19 23:24:38,464] INFO django.server log "GET /student/dashboard/ HTTP/1.1" 200 42206
[2026-05-19 23:25:35,074] INFO django.server log "GET /student/dashboard/ HTTP/1.1" 200 42212
[2026-05-19 23:26:15,607] INFO django.utils.autoreload autoreload C:\Users\fairo\Music\Py_feed2_recent\FeedbackFlow\complaints\views.py changed, reloading.
[2026-05-19 23:26:16,555] INFO django.utils.autoreload autoreload Watching for file changes with StatReloader
[2026-05-19 23:26:21,928] INFO django.utils.autoreload autoreload C:\Users\fairo\Music\Py_feed2_recent\FeedbackFlow\complaints\urls.py changed, reloading.
[2026-05-19 23:26:23,096] INFO django.utils.autoreload autoreload Watching for file changes with StatReloader
[2026-05-19 23:26:37,163] INFO django.server log "GET /student/dashboard/ HTTP/1.1" 200 42210
[2026-05-19 23:26:39,194] INFO django.server log "GET /student/dashboard/ HTTP/1.1" 200 42210
[2026-05-19 23:26:43,820] INFO django.server log "GET /dashboard/admin/ HTTP/1.1" 200 44109
[2026-05-19 23:27:33,360] INFO django.server log "GET / HTTP/1.1" 200 37093
[2026-05-19 23:27:35,171] INFO django.server log "GET /login/ HTTP/1.1" 200 19123
[2026-05-19 23:27:45,521] INFO django.server log "POST /login/ HTTP/1.1" 302 0
[2026-05-19 23:27:45,566] INFO django.server log "GET /hod/dashboard/ HTTP/1.1" 200 39360
[2026-05-19 23:27:48,366] INFO django.server log "GET /hod/dashboard/ HTTP/1.1" 200 38820
[2026-05-19 23:27:55,806] INFO django.server log "GET /complaints/hod/suggestions/ HTTP/1.1" 200 19400
[2026-05-19 23:29:10,244] INFO django.server log "GET /dashboard/admin/ HTTP/1.1" 200 44109
[2026-05-19 23:29:15,748] INFO django.server log "GET /complaints/admin/list/ HTTP/1.1" 200 79130
[2026-05-19 23:29:37,784] INFO django.server log "GET /student/dashboard/ HTTP/1.1" 200 42210
[2026-05-19 23:29:40,486] INFO django.server log "GET /notifications/ HTTP/1.1" 200 18505
[2026-05-19 23:30:02,484] INFO django.server log "GET / HTTP/1.1" 302 0
[2026-05-19 23:30:02,514] INFO django.server log "GET /student/dashboard/ HTTP/1.1" 200 42090
[2026-05-19 23:30:04,239] INFO django.server log "GET /complaints/submit/ HTTP/1.1" 200 30024
[2026-05-19 23:30:16,650] INFO django.server log "POST /complaints/submit/ HTTP/1.1" 302 0
[2026-05-19 23:30:16,686] INFO django.server log "GET /complaints/my-complaints/ HTTP/1.1" 200 27122
[2026-05-19 23:30:23,557] INFO django.server log "GET /complaints/hod/suggestions/ HTTP/1.1" 200 23328
[2026-05-19 23:31:11,133] INFO django.server log "GET /complaints/detail/35/ HTTP/1.1" 200 20213
[2026-05-19 23:31:20,317] INFO django.server log "GET /complaints/hod/handle/35/ HTTP/1.1" 200 24393
[2026-05-19 23:31:33,972] INFO django.server log "GET /complaints/hod/list/ HTTP/1.1" 200 43265
[2026-05-19 23:31:39,887] INFO django.server log "GET / HTTP/1.1" 302 0
[2026-05-19 23:31:39,918] INFO django.server log "GET /hod/dashboard/ HTTP/1.1" 200 38926
[2026-05-19 23:31:43,225] INFO django.server log "GET /complaints/hod/suggestions/ HTTP/1.1" 200 23328
[2026-05-19 23:31:49,862] INFO django.server log "GET / HTTP/1.1" 302 0
[2026-05-19 23:31:49,893] INFO django.server log "GET /hod/dashboard/ HTTP/1.1" 200 38926
[2026-05-19 23:31:50,903] INFO django.server log "GET /complaints/hod/list/ HTTP/1.1" 200 43265
[2026-05-19 23:31:55,668] INFO django.server log "GET / HTTP/1.1" 302 0
[2026-05-19 23:31:55,690] INFO django.server log "GET /hod/dashboard/ HTTP/1.1" 200 38926
[2026-05-19 23:34:48,744] INFO django.server log "GET / HTTP/1.1" 302 0
[2026-05-19 23:34:48,778] INFO django.server log "GET /student/dashboard/ HTTP/1.1" 200 42210
[2026-05-19 23:34:58,559] INFO django.server log "GET /complaints/submit/ HTTP/1.1" 200 30144
[2026-05-19 23:35:03,243] INFO django.server log "GET / HTTP/1.1" 302 0
[2026-05-19 23:35:03,281] INFO django.server log "GET /student/dashboard/ HTTP/1.1" 200 42210
[2026-05-19 23:35:05,627] INFO django.server log "GET /notifications/ HTTP/1.1" 200 19474
[2026-05-19 23:35:10,019] INFO django.server log "GET /notifications/mark-read/108/ HTTP/1.1" 302 0
[2026-05-19 23:35:10,041] INFO django.server log "GET /complaints/detail/35/ HTTP/1.1" 200 19552
[2026-05-19 23:35:13,196] INFO django.server log "GET / HTTP/1.1" 302 0
[2026-05-19 23:35:13,229] INFO django.server log "GET /student/dashboard/ HTTP/1.1" 200 42090
[2026-05-19 23:35:19,336] INFO django.server log "GET /notifications/ HTTP/1.1" 200 24441
[2026-05-19 23:35:32,975] INFO django.server log "GET / HTTP/1.1" 302 0
[2026-05-19 23:35:33,002] INFO django.server log "GET /hod/dashboard/ HTTP/1.1" 200 38806
[2026-05-19 23:35:34,448] INFO django.server log "GET /complaints/hod/suggestions/ HTTP/1.1" 200 23208
[2026-05-19 23:35:36,553] INFO django.server log "GET /complaints/detail/35/ HTTP/1.1" 200 20093
[2026-05-19 23:35:49,667] INFO django.server log "GET / HTTP/1.1" 302 0
[2026-05-19 23:35:49,692] INFO django.server log "GET /hod/dashboard/ HTTP/1.1" 200 38806
[2026-05-19 23:35:50,730] INFO django.server log "GET /complaints/hod/list/ HTTP/1.1" 200 43145
[2026-05-19 23:35:56,198] INFO django.server log "GET /complaints/detail/35/ HTTP/1.1" 200 20093
[2026-05-19 23:36:01,338] INFO django.server log "GET /complaints/hod/handle/35/ HTTP/1.1" 200 24273
[2026-05-19 23:36:16,791] INFO django.server log "GET / HTTP/1.1" 302 0
[2026-05-19 23:36:16,815] INFO django.server log "GET /hod/dashboard/ HTTP/1.1" 200 38806
[2026-05-19 23:36:20,004] INFO django.server log "GET /complaints/hod/list/ HTTP/1.1" 200 43145
[2026-05-19 23:36:22,714] INFO django.server log "GET / HTTP/1.1" 302 0
[2026-05-19 23:36:22,737] INFO django.server log "GET /hod/dashboard/ HTTP/1.1" 200 38806
[2026-05-19 23:38:35,425] INFO django.utils.autoreload autoreload C:\Users\fairo\Music\Py_feed2_recent\FeedbackFlow\users\views.py changed, reloading.
[2026-05-19 23:38:36,446] INFO django.utils.autoreload autoreload Watching for file changes with StatReloader
[2026-05-19 23:38:43,889] INFO django.utils.autoreload autoreload C:\Users\fairo\Music\Py_feed2_recent\FeedbackFlow\complaints\views.py changed, reloading.
[2026-05-19 23:38:44,647] INFO django.utils.autoreload autoreload Watching for file changes with StatReloader
[2026-05-19 23:40:22,247] INFO django.server log "GET /complaints/hod/list/ HTTP/1.1" 200 39198
[2026-05-19 23:40:32,769] INFO django.server log "GET / HTTP/1.1" 302 0
[2026-05-19 23:40:32,806] INFO django.server log "GET /hod/dashboard/ HTTP/1.1" 200 38863
[2026-05-19 23:40:34,087] INFO django.server log "GET /complaints/hod/suggestions/ HTTP/1.1" 200 23208
[2026-05-19 23:40:40,311] INFO django.server log "GET /complaints/detail/34/ HTTP/1.1" 200 20102
[2026-05-19 23:40:48,008] INFO django.server log "GET / HTTP/1.1" 302 0
[2026-05-19 23:40:48,043] INFO django.server log "GET /hod/dashboard/ HTTP/1.1" 200 38863
[2026-05-19 23:41:00,622] INFO django.server log "GET /dashboard/feedback-reports/ HTTP/1.1" 200 64077
[2026-05-19 23:41:02,509] INFO django.server log "GET / HTTP/1.1" 302 0
[2026-05-19 23:41:02,542] INFO django.server log "GET /hod/dashboard/ HTTP/1.1" 200 38863
[2026-05-19 23:43:46,628] INFO django.server log "GET /complaints/submit/ HTTP/1.1" 200 30024
[2026-05-19 23:44:20,136] INFO django.server log "POST /complaints/submit/ HTTP/1.1" 302 0
[2026-05-19 23:44:20,173] INFO django.server log "GET /complaints/my-complaints/ HTTP/1.1" 200 29063
[2026-05-19 23:44:22,102] INFO django.server log "GET /complaints/submit/ HTTP/1.1" 200 30144
[2026-05-19 23:44:46,691] INFO django.server log "POST /complaints/submit/ HTTP/1.1" 302 0
[2026-05-19 23:44:46,719] INFO django.server log "GET /complaints/my-complaints/ HTTP/1.1" 200 31001
[2026-05-19 23:44:50,295] INFO django.server log "GET /notifications/ HTTP/1.1" 200 21410
[2026-05-19 23:44:52,785] INFO django.server log "GET /notifications/mark-read/112/ HTTP/1.1" 302 0
[2026-05-19 23:44:52,813] INFO django.server log "GET /complaints/detail/37/ HTTP/1.1" 200 19699
[2026-05-19 23:45:04,052] INFO django.server log "GET / HTTP/1.1" 302 0
[2026-05-19 23:45:04,101] INFO django.server log "GET /student/dashboard/ HTTP/1.1" 200 42091
[2026-05-19 23:45:05,474] INFO django.server log "GET /notifications/ HTTP/1.1" 200 21410
[2026-05-19 23:45:06,989] INFO django.server log "GET /notifications/mark-read/110/ HTTP/1.1" 302 0
[2026-05-19 23:45:07,016] INFO django.server log "GET /complaints/detail/36/ HTTP/1.1" 200 19574
[2026-05-19 23:45:10,426] INFO django.server log "GET / HTTP/1.1" 302 0
[2026-05-19 23:45:10,455] INFO django.server log "GET /student/dashboard/ HTTP/1.1" 200 42091
[2026-05-19 23:45:11,556] INFO django.server log "GET /notifications/ HTTP/1.1" 200 21410
[2026-05-19 23:45:13,440] INFO django.server log "GET /notifications/mark-read/112/ HTTP/1.1" 302 0
[2026-05-19 23:45:13,462] INFO django.server log "GET /complaints/detail/37/ HTTP/1.1" 200 19699
[2026-05-19 23:45:16,738] INFO django.server log "GET / HTTP/1.1" 302 0
[2026-05-19 23:45:16,773] INFO django.server log "GET /student/dashboard/ HTTP/1.1" 200 42091
[2026-05-19 23:45:59,961] INFO django.server log "GET /hod/dashboard/ HTTP/1.1" 200 38977
[2026-05-19 23:46:02,036] INFO django.server log "GET /notifications/ HTTP/1.1" 200 26151
[2026-05-19 23:46:11,070] INFO django.server log "GET / HTTP/1.1" 302 0
[2026-05-19 23:46:11,092] INFO django.server log "GET /hod/dashboard/ HTTP/1.1" 200 38857
[2026-05-19 23:46:15,276] INFO django.server log "GET /complaints/hod/list/ HTTP/1.1" 200 40525
[2026-05-19 23:46:17,479] INFO django.server log "GET / HTTP/1.1" 302 0
[2026-05-19 23:46:17,503] INFO django.server log "GET /hod/dashboard/ HTTP/1.1" 200 38857
[2026-05-19 23:46:18,699] INFO django.server log "GET /complaints/hod/suggestions/ HTTP/1.1" 200 24604
[2026-05-19 23:46:28,079] INFO django.server log "GET /complaints/detail/36/ HTTP/1.1" 200 20115
[2026-05-19 23:46:33,017] INFO django.server log "GET /complaints/hod/handle/36/ HTTP/1.1" 200 24286
[2026-05-19 23:46:38,795] INFO django.server log "GET /complaints/hod/list/ HTTP/1.1" 200 40525
[2026-05-19 23:46:41,956] INFO django.server log "GET / HTTP/1.1" 302 0
[2026-05-19 23:46:41,986] INFO django.server log "GET /hod/dashboard/ HTTP/1.1" 200 38857
[2026-05-19 23:47:45,581] INFO django.server log "GET / HTTP/1.1" 302 0
[2026-05-19 23:47:45,607] INFO django.server log "GET /hod/dashboard/ HTTP/1.1" 200 38857
[2026-05-19 23:47:48,543] INFO django.server log "GET / HTTP/1.1" 302 0
[2026-05-19 23:47:48,569] INFO django.server log "GET /hod/dashboard/ HTTP/1.1" 200 38857
[2026-05-19 23:49:43,448] INFO django.server log "GET /complaints/hod/suggestions/ HTTP/1.1" 200 24604
[2026-05-19 23:49:53,265] INFO django.server log "GET /complaints/detail/34/ HTTP/1.1" 200 20102
[2026-05-19 23:49:59,296] INFO django.server log "GET /complaints/hod/handle/34/ HTTP/1.1" 200 24282
[2026-05-19 23:50:05,853] INFO django.server log "GET /complaints/hod/list/ HTTP/1.1" 200 40525
[2026-05-19 23:50:07,657] INFO django.server log "GET / HTTP/1.1" 302 0
[2026-05-19 23:50:07,688] INFO django.server log "GET /hod/dashboard/ HTTP/1.1" 200 38857
[2026-05-19 23:50:13,000] INFO django.server log "GET /complaints/hod/suggestions/ HTTP/1.1" 200 24604
[2026-05-19 23:50:16,504] INFO django.server log "GET /complaints/detail/34/ HTTP/1.1" 200 20102
[2026-05-19 23:50:21,557] INFO django.server log "GET /complaints/hod/list/ HTTP/1.1" 200 40525
[2026-05-19 23:50:22,976] INFO django.server log "GET / HTTP/1.1" 302 0
[2026-05-19 23:50:23,002] INFO django.server log "GET /hod/dashboard/ HTTP/1.1" 200 38857
[2026-05-19 23:50:23,902] INFO django.server log "GET /complaints/hod/suggestions/ HTTP/1.1" 200 24604
[2026-05-19 23:50:29,430] INFO django.server log "GET /complaints/hod/handle/34/ HTTP/1.1" 200 24282
[2026-05-19 23:51:08,003] INFO django.server log "GET /complaints/hod/list/ HTTP/1.1" 200 40525
[2026-05-19 23:51:09,607] INFO django.server log "GET / HTTP/1.1" 302 0
[2026-05-19 23:51:09,643] INFO django.server log "GET /hod/dashboard/ HTTP/1.1" 200 38857
[2026-05-19 23:51:10,481] INFO django.server log "GET /complaints/hod/suggestions/ HTTP/1.1" 200 24604
[2026-05-19 23:52:19,656] INFO django.server log "GET /complaints/hod/suggestions/ HTTP/1.1" 200 24604
[2026-05-20 00:00:14,960] INFO django.server log "GET /complaints/detail/36/ HTTP/1.1" 200 20115
[2026-05-20 00:00:45,768] INFO django.server log "GET /complaints/hod/handle/36/ HTTP/1.1" 200 24286
[2026-05-20 00:00:49,168] INFO django.server log "GET /complaints/hod/list/ HTTP/1.1" 200 40525
[2026-05-20 00:00:50,551] INFO django.server log "GET / HTTP/1.1" 302 0
[2026-05-20 00:00:50,582] INFO django.server log "GET /hod/dashboard/ HTTP/1.1" 200 38857
[2026-05-20 00:00:51,719] INFO django.server log "GET /complaints/hod/suggestions/ HTTP/1.1" 200 24604
[2026-05-20 00:00:53,601] INFO django.server log "GET /complaints/detail/36/ HTTP/1.1" 200 20115
[2026-05-20 00:01:05,921] INFO django.server log "GET / HTTP/1.1" 302 0
[2026-05-20 00:01:05,953] INFO django.server log "GET /hod/dashboard/ HTTP/1.1" 200 38857
[2026-05-20 00:01:08,561] INFO django.server log "GET /complaints/hod/suggestions/ HTTP/1.1" 200 24604
[2026-05-20 00:02:11,471] INFO django.server log "GET /complaints/detail/36/ HTTP/1.1" 200 20115
[2026-05-20 00:02:13,817] INFO django.server log "GET /complaints/hod/handle/36/ HTTP/1.1" 200 24286
[2026-05-20 00:02:18,829] INFO django.server log "GET /complaints/hod/list/ HTTP/1.1" 200 40525
[2026-05-20 00:02:20,062] INFO django.server log "GET / HTTP/1.1" 302 0
[2026-05-20 00:02:20,089] INFO django.server log "GET /hod/dashboard/ HTTP/1.1" 200 38857
[2026-05-20 00:02:21,270] INFO django.server log "GET /complaints/hod/suggestions/ HTTP/1.1" 200 24604
[2026-05-20 00:04:02,291] INFO django.server log "GET /complaints/detail/36/ HTTP/1.1" 200 20115
[2026-05-20 00:07:07,390] INFO django.utils.autoreload autoreload C:\Users\fairo\Music\Py_feed2_recent\FeedbackFlow\complaints\views.py changed, reloading.
[2026-05-20 00:07:08,332] INFO django.utils.autoreload autoreload Watching for file changes with StatReloader
[2026-05-20 00:07:20,713] INFO django.utils.autoreload autoreload C:\Users\fairo\Music\Py_feed2_recent\FeedbackFlow\complaints\views.py changed, reloading.
[2026-05-20 00:07:21,265] INFO django.utils.autoreload autoreload Watching for file changes with StatReloader
[2026-05-20 00:07:27,663] INFO django.utils.autoreload autoreload C:\Users\fairo\Music\Py_feed2_recent\FeedbackFlow\complaints\urls.py changed, reloading.
[2026-05-20 00:07:28,286] INFO django.utils.autoreload autoreload Watching for file changes with StatReloader
[2026-05-20 00:15:27,758] INFO django.server log "GET /student/dashboard/ HTTP/1.1" 200 42091
[2026-05-20 00:15:29,491] INFO django.server log "GET /complaints/submit/ HTTP/1.1" 200 30024
[2026-05-20 00:15:33,082] INFO django.server log "GET / HTTP/1.1" 302 0
[2026-05-20 00:15:33,129] INFO django.server log "GET /student/dashboard/ HTTP/1.1" 200 42091
[2026-05-20 00:15:40,129] INFO django.server log "GET /complaints/detail/36/ HTTP/1.1" 200 20356
[2026-05-20 00:15:45,267] INFO django.server log "GET / HTTP/1.1" 302 0
[2026-05-20 00:15:45,295] INFO django.server log "GET /hod/dashboard/ HTTP/1.1" 200 38857
[2026-05-20 00:15:49,195] INFO django.server log "GET /complaints/hod/suggestions/ HTTP/1.1" 200 23824
[2026-05-20 00:15:55,696] INFO django.server log "GET /complaints/detail/36/ HTTP/1.1" 200 20356
[2026-05-20 00:19:43,476] INFO django.utils.autoreload autoreload C:\Users\fairo\Music\Py_feed2_recent\FeedbackFlow\complaints\models.py changed, reloading.
[2026-05-20 00:19:44,280] INFO django.utils.autoreload autoreload Watching for file changes with StatReloader
[2026-05-20 00:20:03,064] INFO django.server log "GET /complaints/admin/list/ HTTP/1.1" 200 84460
[2026-05-20 00:20:08,568] INFO django.utils.autoreload autoreload C:\Users\fairo\Music\Py_feed2_recent\FeedbackFlow\complaints\views.py changed, reloading.
[2026-05-20 00:20:09,227] INFO django.utils.autoreload autoreload Watching for file changes with StatReloader
[2026-05-20 00:20:16,501] INFO django.server log "GET / HTTP/1.1" 302 0
[2026-05-20 00:20:16,596] INFO django.server log "GET /dashboard/admin/ HTTP/1.1" 200 44109
[2026-05-20 00:20:16,954] INFO django.utils.autoreload autoreload C:\Users\fairo\Music\Py_feed2_recent\FeedbackFlow\complaints\urls.py changed, reloading.
[2026-05-20 00:20:17,670] INFO django.utils.autoreload autoreload Watching for file changes with StatReloader
[2026-05-20 00:22:43,021] INFO django.server log "GET /complaints/hod/suggestions/ HTTP/1.1" 200 25869
[2026-05-20 00:23:42,610] INFO django.server log "GET /complaints/hod/suggestions/ HTTP/1.1" 200 25841
[2026-05-20 00:23:47,658] INFO django.server log "POST /complaints/hod/suggestions/review/36/ HTTP/1.1" 302 0
[2026-05-20 00:23:47,688] INFO django.server log "GET /complaints/hod/suggestions/ HTTP/1.1" 200 25925
[2026-05-20 00:23:52,471] INFO django.server log "GET / HTTP/1.1" 302 0
[2026-05-20 00:23:52,515] INFO django.server log "GET /hod/dashboard/ HTTP/1.1" 200 38857
[2026-05-20 00:24:02,554] INFO django.server log "GET /student/dashboard/ HTTP/1.1" 200 42211
[2026-05-20 00:24:06,575] INFO django.server log "GET /notifications/ HTTP/1.1" 200 22208
[2026-05-20 00:24:17,380] INFO django.server log "GET / HTTP/1.1" 302 0
[2026-05-20 00:24:17,422] INFO django.server log "GET /student/dashboard/ HTTP/1.1" 200 42091
[2026-05-20 00:24:19,622] INFO django.server log "GET /complaints/submit/ HTTP/1.1" 200 30024
[2026-05-20 00:24:22,177] INFO django.server log "GET / HTTP/1.1" 302 0
[2026-05-20 00:24:22,215] INFO django.server log "GET /student/dashboard/ HTTP/1.1" 200 42091
[2026-05-20 00:24:23,066] INFO django.server log "GET /complaints/my-complaints/ HTTP/1.1" 200 30307
[2026-05-20 00:24:31,303] INFO django.server log "GET / HTTP/1.1" 302 0
[2026-05-20 00:24:31,344] INFO django.server log "GET /student/dashboard/ HTTP/1.1" 200 42091
[2026-05-20 00:25:13,707] INFO django.server log "GET /complaints/submit/ HTTP/1.1" 200 30024
[2026-05-20 00:25:21,555] INFO django.server log "GET / HTTP/1.1" 302 0
[2026-05-20 00:25:21,589] INFO django.server log "GET /student/dashboard/ HTTP/1.1" 200 42091
[2026-05-20 00:27:14,743] INFO django.server log "GET /complaints/submit/ HTTP/1.1" 200 30024
[2026-05-20 00:27:24,672] INFO django.server log "GET /complaints/my-complaints/ HTTP/1.1" 200 30307
[2026-05-20 00:27:47,252] INFO django.server log "GET /complaints/hod/suggestions/ HTTP/1.1" 200 25375
[2026-05-20 00:27:51,374] INFO django.server log "GET /complaints/detail/35/ HTTP/1.1" 200 20334
[2026-05-20 00:27:59,677] INFO django.server log "POST /complaints/hod/suggestions/resolve/35/ HTTP/1.1" 302 0
[2026-05-20 00:27:59,711] INFO django.server log "GET /complaints/hod/suggestions/ HTTP/1.1" 200 25462
[2026-05-20 00:28:13,323] INFO django.server log "GET /complaints/my-complaints/ HTTP/1.1" 200 30309
[2026-05-20 00:28:15,406] INFO django.server log "GET /complaints/my-complaints/ HTTP/1.1" 200 30309
[2026-05-20 00:28:16,249] INFO django.server log "GET /complaints/my-complaints/ HTTP/1.1" 200 30309
[2026-05-20 00:28:17,607] INFO django.server log "GET / HTTP/1.1" 302 0
[2026-05-20 00:28:17,657] INFO django.server log "GET /student/dashboard/ HTTP/1.1" 200 42091
[2026-05-20 00:28:19,201] INFO django.server log "GET /student/dashboard/ HTTP/1.1" 200 42091
[2026-05-20 00:28:20,417] INFO django.server log "GET /notifications/ HTTP/1.1" 200 22208
[2026-05-20 00:28:24,725] INFO django.server log "GET / HTTP/1.1" 302 0
[2026-05-20 00:28:24,773] INFO django.server log "GET /student/dashboard/ HTTP/1.1" 200 42091
[2026-05-20 00:32:20,740] INFO django.utils.autoreload autoreload C:\Users\fairo\Music\Py_feed2_recent\FeedbackFlow\complaints\views.py changed, reloading.
[2026-05-20 00:32:21,937] INFO django.utils.autoreload autoreload Watching for file changes with StatReloader
[2026-05-20 00:33:22,835] INFO django.server log "GET /complaints/hod/suggestions/ HTTP/1.1" 200 24909
[2026-05-20 00:33:28,994] INFO django.server log "POST /complaints/hod/suggestions/review/34/ HTTP/1.1" 302 0
[2026-05-20 00:33:29,015] INFO django.server log "GET /complaints/hod/suggestions/ HTTP/1.1" 200 24993
[2026-05-20 00:33:35,993] INFO django.server log "GET /student/dashboard/ HTTP/1.1" 200 42211
[2026-05-20 00:33:38,471] INFO django.server log "GET /notifications/ HTTP/1.1" 200 23008
[2026-05-20 00:34:02,377] INFO django.server log "GET /complaints/detail/33/ HTTP/1.1" 200 20175
[2026-05-20 00:34:07,352] INFO django.server log "POST /complaints/hod/suggestions/resolve/33/ HTTP/1.1" 302 0
[2026-05-20 00:34:07,386] INFO django.server log "GET /complaints/hod/suggestions/ HTTP/1.1" 200 24530
[2026-05-20 00:34:12,563] INFO django.server log "GET /notifications/ HTTP/1.1" 200 23807
[2026-05-20 00:34:16,821] INFO django.server log "GET /notifications/ HTTP/1.1" 200 23807
[2026-05-20 00:34:19,600] INFO django.server log "GET / HTTP/1.1" 302 0
[2026-05-20 00:34:19,645] INFO django.server log "GET /student/dashboard/ HTTP/1.1" 200 42091
[2026-05-20 00:34:21,593] INFO django.server log "GET /complaints/submit/ HTTP/1.1" 200 30024
[2026-05-20 00:34:35,662] INFO django.server log "POST /complaints/submit/ HTTP/1.1" 302 0
[2026-05-20 00:34:35,704] INFO django.server log "GET /complaints/my-complaints/ HTTP/1.1" 200 32933
[2026-05-20 00:34:43,986] INFO django.server log "GET /complaints/hod/suggestions/ HTTP/1.1" 200 25769
[2026-05-20 00:34:46,249] INFO django.server log "GET /complaints/detail/38/ HTTP/1.1" 200 20291
[2026-05-20 00:34:50,529] INFO django.server log "POST /complaints/hod/suggestions/resolve/38/ HTTP/1.1" 302 0
[2026-05-20 00:34:50,557] INFO django.server log "GET /complaints/hod/suggestions/ HTTP/1.1" 200 25856
[2026-05-20 00:34:54,455] INFO django.server log "GET / HTTP/1.1" 302 0
[2026-05-20 00:34:54,498] INFO django.server log "GET /student/dashboard/ HTTP/1.1" 200 42211
[2026-05-20 00:34:58,853] INFO django.server log "GET /student/dashboard/ HTTP/1.1" 200 42211
[2026-05-20 00:35:00,130] INFO django.server log "GET /notifications/ HTTP/1.1" 200 25572
[2026-05-20 00:35:11,121] INFO django.server log "GET / HTTP/1.1" 302 0
[2026-05-20 00:35:11,164] INFO django.server log "GET /student/dashboard/ HTTP/1.1" 200 42091
[2026-05-20 00:35:14,153] INFO django.server log "GET /notifications/ HTTP/1.1" 200 25572
[2026-05-20 00:35:15,386] INFO django.server log "GET /notifications/mark-read/118/ HTTP/1.1" 302 0
[2026-05-20 00:35:15,412] INFO django.server log "GET /complaints/detail/38/ HTTP/1.1" 200 20132
[2026-05-20 00:35:21,582] INFO django.server log "GET / HTTP/1.1" 302 0
[2026-05-20 00:35:21,630] INFO django.server log "GET /student/dashboard/ HTTP/1.1" 200 42091
[2026-05-20 00:35:22,476] INFO django.server log "GET /notifications/ HTTP/1.1" 200 25572
[2026-05-20 00:35:29,088] INFO django.server log "GET /notifications/mark-read/114/ HTTP/1.1" 302 0
[2026-05-20 00:35:29,129] INFO django.server log "GET /complaints/detail/34/ HTTP/1.1" 200 20245
[2026-05-20 00:38:12,258] INFO django.server log "GET /complaints/detail/34/ HTTP/1.1" 200 20295
[2026-05-20 00:38:17,095] INFO django.server log "GET / HTTP/1.1" 302 0
[2026-05-20 00:38:17,146] INFO django.server log "GET /student/dashboard/ HTTP/1.1" 200 42091
[2026-05-20 00:41:36,054] INFO django.utils.autoreload autoreload C:\Users\fairo\Music\Py_feed2_recent\FeedbackFlow\users\views.py changed, reloading.
[2026-05-20 00:41:36,970] INFO django.utils.autoreload autoreload Watching for file changes with StatReloader
[2026-05-20 00:43:02,023] INFO django.server log "GET /dashboard/admin/ HTTP/1.1" 200 44109
[2026-05-20 00:43:04,471] INFO django.server log "GET /complaints/admin/list/ HTTP/1.1" 200 86087
[2026-05-20 00:43:43,719] INFO django.server log "GET /complaints/detail/5/ HTTP/1.1" 200 21867
[2026-05-20 00:43:48,587] INFO django.server log "GET /complaints/hod/handle/5/ HTTP/1.1" 200 26604
[2026-05-20 00:44:02,066] INFO django.server log "GET /complaints/admin/list/ HTTP/1.1" 200 86087
[2026-05-20 00:44:04,018] INFO django.server log "GET /complaints/hod/handle/38/ HTTP/1.1" 200 22657
[2026-05-20 00:44:08,351] INFO django.server log "GET /complaints/admin/list/ HTTP/1.1" 200 86087
[2026-05-20 00:44:10,770] INFO django.server log "GET /complaints/hod/handle/34/ HTTP/1.1" 200 25433
[2026-05-20 00:44:16,021] INFO django.server log "GET / HTTP/1.1" 302 0
[2026-05-20 00:44:16,060] INFO django.server log "GET /dashboard/admin/ HTTP/1.1" 200 44109
[2026-05-20 01:13:20,279] INFO django.utils.autoreload autoreload Watching for file changes with StatReloader
[2026-05-20 01:13:23,677] INFO django.server log "GET / HTTP/1.1" 302 0
[2026-05-20 01:13:23,774] INFO django.server log "GET /student/dashboard/ HTTP/1.1" 200 42091
[2026-05-20 01:13:29,770] INFO django.server log "GET /complaints/submit/ HTTP/1.1" 200 30024
[2026-05-20 01:13:49,204] INFO django.server log "GET /appointment/ HTTP/1.1" 200 22163
[2026-05-20 01:14:02,732] INFO django.server log "GET / HTTP/1.1" 302 0
[2026-05-20 01:14:02,770] INFO django.server log "GET /student/dashboard/ HTTP/1.1" 200 42091
[2026-05-20 01:16:52,500] INFO django.server log "GET /complaints/submit/ HTTP/1.1" 200 30024
[2026-05-20 01:19:07,960] INFO django.server log "GET /student/dashboard/ HTTP/1.1" 200 42091
[2026-05-20 01:19:11,652] INFO django.server log "GET /complaints/submit/ HTTP/1.1" 200 30024
[2026-05-20 01:19:27,189] INFO django.server log "POST /complaints/submit/ HTTP/1.1" 302 0
[2026-05-20 01:19:27,228] INFO django.server log "GET /complaints/my-complaints/ HTTP/1.1" 200 34859
[2026-05-20 01:23:31,392] INFO django.server log "GET / HTTP/1.1" 302 0
[2026-05-20 01:23:31,448] INFO django.server log "GET /hod/dashboard/ HTTP/1.1" 200 38977
[2026-05-20 01:23:52,848] INFO django.server log "GET /complaints/hod/suggestions/ HTTP/1.1" 200 26976
[2026-05-20 01:24:10,050] INFO django.server log "GET /complaints/detail/36/ HTTP/1.1" 200 21210
[2026-05-20 01:24:13,175] INFO django.server log "GET / HTTP/1.1" 302 0
[2026-05-20 01:24:13,221] INFO django.server log "GET /hod/dashboard/ HTTP/1.1" 200 38977
[2026-05-20 01:24:14,766] INFO django.server log "GET /complaints/hod/suggestions/ HTTP/1.1" 200 26976
[2026-05-20 01:24:16,248] INFO django.server log "GET /complaints/detail/39/ HTTP/1.1" 200 20292
[2026-05-20 01:24:25,046] INFO django.server log "POST /complaints/hod/suggestions/resolve/39/ HTTP/1.1" 302 0
[2026-05-20 01:24:25,079] INFO django.server log "GET /complaints/hod/suggestions/ HTTP/1.1" 200 27063
[2026-05-20 01:24:30,354] INFO django.server log "GET / HTTP/1.1" 302 0
[2026-05-20 01:24:30,402] INFO django.server log "GET /student/dashboard/ HTTP/1.1" 200 42211
[2026-05-20 01:24:31,630] INFO django.server log "GET /student/dashboard/ HTTP/1.1" 200 42211
[2026-05-20 01:24:33,733] INFO django.server log "GET /student/dashboard/ HTTP/1.1" 200 42211
[2026-05-20 01:24:35,364] INFO django.server log "GET /notifications/ HTTP/1.1" 200 27337
[2026-05-20 01:24:42,067] INFO django.server log "GET / HTTP/1.1" 302 0
[2026-05-20 01:24:42,113] INFO django.server log "GET /student/dashboard/ HTTP/1.1" 200 42091
[2026-05-20 01:25:00,464] INFO django.server log "GET /complaints/admin/list/ HTTP/1.1" 200 87853
[2026-05-20 01:32:36,769] INFO django.utils.autoreload autoreload C:\Users\fairo\Music\Py_feed2_recent\FeedbackFlow\complaints\views.py changed, reloading.
[2026-05-20 01:32:38,829] INFO django.utils.autoreload autoreload Watching for file changes with StatReloader
[2026-05-20 01:57:55,811] INFO django.server log "GET /complaints/admin/list/ HTTP/1.1" 200 77139
[2026-05-20 01:58:21,468] INFO django.server log "GET / HTTP/1.1" 302 0
[2026-05-20 01:58:21,542] INFO django.server log "GET /dashboard/admin/ HTTP/1.1" 200 44109
[2026-05-20 01:58:24,442] INFO django.server log "GET /complaints/admin/list/ HTTP/1.1" 200 77139
[2026-05-20 01:58:30,142] INFO django.server log "GET / HTTP/1.1" 302 0
[2026-05-20 01:58:30,183] INFO django.server log "GET /dashboard/admin/ HTTP/1.1" 200 44109
[2026-05-20 01:58:50,679] INFO django.server log "GET / HTTP/1.1" 302 0
[2026-05-20 01:58:50,800] INFO django.server log "GET /student/dashboard/ HTTP/1.1" 200 42091
[2026-05-20 01:58:53,687] INFO django.server log "GET /complaints/submit/ HTTP/1.1" 200 30024
[2026-05-20 01:59:06,406] INFO django.server log "POST /complaints/submit/ HTTP/1.1" 302 0
[2026-05-20 01:59:06,475] INFO django.server log "GET /complaints/my-complaints/ HTTP/1.1" 200 36790
[2026-05-20 01:59:15,667] INFO django.server log "GET /dashboard/admin/ HTTP/1.1" 200 44109
[2026-05-20 01:59:19,701] INFO django.server log "GET /complaints/admin/list/ HTTP/1.1" 200 77139
[2026-05-20 01:59:27,925] INFO django.server log "GET / HTTP/1.1" 302 0
[2026-05-20 01:59:27,969] INFO django.server log "GET /dashboard/admin/ HTTP/1.1" 200 44109
[2026-05-20 01:59:37,677] INFO django.server log "GET /complaints/hod/suggestions/ HTTP/1.1" 200 28188
[2026-05-20 01:59:43,859] INFO django.server log "GET /notifications/ HTTP/1.1" 200 28708
[2026-05-20 01:59:50,250] INFO django.server log "GET /notifications/mark-read/122/ HTTP/1.1" 302 0
[2026-05-20 01:59:50,306] INFO django.server log "GET /complaints/hod/handle/40/ HTTP/1.1" 200 24320
[2026-05-20 02:00:00,070] INFO django.server log "GET / HTTP/1.1" 302 0
[2026-05-20 02:00:00,122] INFO django.server log "GET /hod/dashboard/ HTTP/1.1" 200 38857
[2026-05-20 02:00:05,187] INFO django.server log "GET /complaints/hod/suggestions/ HTTP/1.1" 200 28068
[2026-05-20 02:00:07,462] INFO django.server log "GET /complaints/detail/40/ HTTP/1.1" 200 20177
[2026-05-20 02:00:10,014] INFO django.server log "GET / HTTP/1.1" 302 0
[2026-05-20 02:00:10,047] INFO django.server log "GET /hod/dashboard/ HTTP/1.1" 200 38857
[2026-05-20 02:00:13,605] INFO django.server log "GET /notifications/ HTTP/1.1" 200 28708
[2026-05-20 02:00:15,805] INFO django.server log "GET /notifications/mark-read/122/ HTTP/1.1" 302 0
[2026-05-20 02:00:15,828] INFO django.server log "GET /complaints/hod/handle/40/ HTTP/1.1" 200 24320
[2026-05-20 02:00:20,359] INFO django.server log "GET / HTTP/1.1" 302 0
[2026-05-20 02:00:20,395] INFO django.server log "GET /hod/dashboard/ HTTP/1.1" 200 38857
[2026-05-20 02:00:24,302] INFO django.server log "GET /complaints/hod/suggestions/ HTTP/1.1" 200 28068
[2026-05-20 02:00:26,823] INFO django.server log "GET / HTTP/1.1" 302 0
[2026-05-20 02:00:26,852] INFO django.server log "GET /hod/dashboard/ HTTP/1.1" 200 38857
[2026-05-20 02:00:28,055] INFO django.server log "GET /notifications/ HTTP/1.1" 200 28708
[2026-05-20 02:00:29,552] INFO django.server log "GET /notifications/mark-read/122/ HTTP/1.1" 302 0
[2026-05-20 02:00:29,581] INFO django.server log "GET /complaints/hod/handle/40/ HTTP/1.1" 200 24320
[2026-05-20 02:00:30,997] INFO django.server log "GET / HTTP/1.1" 302 0
[2026-05-20 02:00:31,041] INFO django.server log "GET /hod/dashboard/ HTTP/1.1" 200 38857
[2026-05-20 02:00:34,408] INFO django.server log "GET /notifications/ HTTP/1.1" 200 28708
[2026-05-20 02:11:17,776] INFO django.utils.autoreload autoreload C:\Users\fairo\Music\Py_feed2_recent\FeedbackFlow\complaints\views.py changed, reloading.
[2026-05-20 02:11:19,164] INFO django.utils.autoreload autoreload Watching for file changes with StatReloader
[2026-05-20 02:11:55,004] INFO django.utils.autoreload autoreload C:\Users\fairo\Music\Py_feed2_recent\FeedbackFlow\complaints\views.py changed, reloading.
[2026-05-20 02:11:55,619] INFO django.utils.autoreload autoreload Watching for file changes with StatReloader
[2026-05-20 02:13:07,817] INFO django.server log "GET /notifications/ HTTP/1.1" 200 28708
[2026-05-20 02:13:09,662] INFO django.server log "GET /notifications/mark-read/122/ HTTP/1.1" 302 0
[2026-05-20 02:13:09,697] INFO django.server log "GET /complaints/hod/handle/40/ HTTP/1.1" 302 0
[2026-05-20 02:13:09,746] INFO django.server log "GET /complaints/hod/suggestions/ HTTP/1.1" 200 28632
[2026-05-20 02:13:16,563] INFO django.server log "GET /notifications/ HTTP/1.1" 200 28708
[2026-05-20 02:13:17,862] INFO django.server log "GET /notifications/mark-read/122/ HTTP/1.1" 302 0
[2026-05-20 02:13:17,881] INFO django.server log "GET /complaints/hod/handle/40/ HTTP/1.1" 302 0
[2026-05-20 02:13:17,912] INFO django.server log "GET /complaints/hod/suggestions/ HTTP/1.1" 200 28632
[2026-05-20 02:13:23,130] INFO django.server log "GET /notifications/ HTTP/1.1" 200 28708
[2026-05-20 02:13:24,796] INFO django.server log "GET /notifications/mark-read/111/ HTTP/1.1" 302 0
[2026-05-20 02:13:24,864] INFO django.server log "GET /complaints/hod/handle/37/ HTTP/1.1" 200 25844
[2026-05-20 02:13:31,578] INFO django.server log "GET / HTTP/1.1" 302 0
[2026-05-20 02:13:31,624] INFO django.server log "GET /hod/dashboard/ HTTP/1.1" 200 38857
[2026-05-20 03:26:12,945] INFO django.utils.autoreload autoreload Watching for file changes with StatReloader
[2026-05-20 03:26:22,920] INFO django.server log "GET /hod/dashboard/ HTTP/1.1" 200 38857
[2026-05-20 03:26:30,629] INFO django.server log "GET /complaints/my-complaints/ HTTP/1.1" 200 36213
[2026-05-20 03:26:39,138] INFO django.server log "GET /complaints/admin/list/ HTTP/1.1" 200 77139
[2026-05-20 03:26:56,349] INFO django.server log "GET / HTTP/1.1" 302 0
[2026-05-20 03:26:56,422] INFO django.server log "GET /dashboard/admin/ HTTP/1.1" 200 44109
[2026-05-20 03:27:02,770] INFO django.server log "GET /complaints/hod/suggestions/ HTTP/1.1" 200 28068
[2026-05-20 03:27:07,891] INFO django.server log "GET / HTTP/1.1" 302 0
[2026-05-20 03:27:07,962] INFO django.server log "GET /hod/dashboard/ HTTP/1.1" 200 38857
[2026-05-20 03:27:09,792] INFO django.server log "GET /complaints/hod/list/ HTTP/1.1" 200 40525
[2026-05-20 03:27:13,258] INFO django.server log "GET / HTTP/1.1" 302 0
[2026-05-20 03:27:13,334] INFO django.server log "GET /hod/dashboard/ HTTP/1.1" 200 38857
[2026-05-20 03:27:26,138] INFO django.server log "GET / HTTP/1.1" 302 0
[2026-05-20 03:27:26,304] INFO django.server log "GET /student/dashboard/ HTTP/1.1" 200 42211
[2026-05-20 03:27:35,859] INFO django.server log "GET /notifications/ HTTP/1.1" 200 28303
[2026-05-20 03:27:39,139] INFO django.server log "GET /notifications/mark-read/123/ HTTP/1.1" 302 0
[2026-05-20 03:27:39,207] INFO django.server log "GET /complaints/detail/40/ HTTP/1.1" 200 19395
[2026-05-20 03:27:43,695] INFO django.server log "GET / HTTP/1.1" 302 0
[2026-05-20 03:27:43,770] INFO django.server log "GET /student/dashboard/ HTTP/1.1" 200 42091
[2026-05-20 03:27:47,306] INFO django.server log "GET /notifications/ HTTP/1.1" 200 28708
[2026-05-20 03:27:53,888] INFO django.server log "GET /notifications/mark-read/111/ HTTP/1.1" 302 0
[2026-05-20 03:27:53,985] INFO django.server log "GET /complaints/hod/handle/37/ HTTP/1.1" 200 25844
[2026-05-20 03:27:59,030] INFO django.server log "GET /complaints/hod/list/ HTTP/1.1" 200 40525
[2026-05-20 03:28:01,920] INFO django.server log "GET / HTTP/1.1" 302 0
[2026-05-20 03:28:01,994] INFO django.server log "GET /hod/dashboard/ HTTP/1.1" 200 38857
[2026-05-20 03:28:04,282] INFO django.server log "GET /notifications/ HTTP/1.1" 200 28708
[2026-05-20 03:28:06,199] INFO django.server log "GET /notifications/mark-read/122/ HTTP/1.1" 302 0
[2026-05-20 03:28:06,225] INFO django.server log "GET /complaints/hod/handle/40/ HTTP/1.1" 302 0
[2026-05-20 03:28:06,269] INFO django.server log "GET /complaints/hod/suggestions/ HTTP/1.1" 200 28632
[2026-05-20 03:45:33,140] INFO django.server log "GET / HTTP/1.1" 302 0
[2026-05-20 03:45:33,238] INFO django.server log "GET /student/dashboard/ HTTP/1.1" 200 42091
[2026-05-20 03:45:33,811] WARNING django.request log Not Found: /favicon.ico
[2026-05-20 03:45:33,812] WARNING django.server log "GET /favicon.ico HTTP/1.1" 404 14522
[2026-05-20 03:46:20,888] INFO django.server log "GET / HTTP/1.1" 200 37093
[2026-05-20 03:46:25,991] INFO django.server log "GET /login/ HTTP/1.1" 200 19123
[2026-05-20 03:46:44,657] INFO django.server log "POST /login/ HTTP/1.1" 302 0
[2026-05-20 03:46:44,732] INFO django.server log "GET /hod/dashboard/ HTTP/1.1" 200 39397
[2026-05-20 05:43:01,698] INFO django.server log "GET /student/dashboard/ HTTP/1.1" 200 42091
[2026-05-20 05:43:15,371] INFO django.server log "GET /complaints/submit/ HTTP/1.1" 200 30024
[2026-05-20 05:43:20,746] INFO django.server log "GET / HTTP/1.1" 302 0
[2026-05-20 05:43:20,826] INFO django.server log "GET /student/dashboard/ HTTP/1.1" 200 42091
[2026-05-20 05:43:22,803] INFO django.server log "GET /complaints/my-complaints/ HTTP/1.1" 200 36093
[2026-05-20 05:43:29,565] INFO django.server log "GET / HTTP/1.1" 302 0
[2026-05-20 05:43:29,621] INFO django.server log "GET /student/dashboard/ HTTP/1.1" 200 42091
[2026-05-20 05:43:39,716] INFO django.server log "GET / HTTP/1.1" 302 0
[2026-05-20 05:43:39,792] INFO django.server log "GET /hod/dashboard/ HTTP/1.1" 200 38857
[2026-05-20 05:43:50,089] INFO django.server log "GET /complaints/hod/suggestions/ HTTP/1.1" 200 28068
[2026-05-20 05:44:04,644] INFO django.server log "GET /complaints/detail/40/ HTTP/1.1" 200 20177
[2026-05-20 05:44:11,425] INFO django.server log "POST /complaints/hod/suggestions/resolve/40/ HTTP/1.1" 302 0
[2026-05-20 05:44:11,490] INFO django.server log "GET /complaints/hod/suggestions/ HTTP/1.1" 200 28155
[2026-05-20 05:44:22,387] INFO django.server log "GET /student/dashboard/ HTTP/1.1" 200 42211
[2026-05-20 05:44:25,683] INFO django.server log "GET /notifications/ HTTP/1.1" 200 29104
[2026-05-20 05:44:30,742] INFO django.server log "GET /notifications/mark-read/124/ HTTP/1.1" 302 0
[2026-05-20 05:44:30,779] INFO django.server log "GET /complaints/detail/40/ HTTP/1.1" 200 20138
[2026-05-20 05:44:34,154] INFO django.server log "GET / HTTP/1.1" 302 0
[2026-05-20 05:44:34,212] INFO django.server log "GET /student/dashboard/ HTTP/1.1" 200 42091
[2026-05-20 05:44:45,080] INFO django.server log "GET /notifications/ HTTP/1.1" 200 29104
[2026-05-20 05:45:06,776] INFO django.server log "GET / HTTP/1.1" 302 0
[2026-05-20 05:45:06,909] INFO django.server log "GET /hod/dashboard/ HTTP/1.1" 200 38857
[2026-05-20 05:45:11,580] INFO django.server log "GET /notifications/ HTTP/1.1" 200 28708
[2026-05-20 05:45:27,994] INFO django.server log "GET /notifications/mark-read/111/ HTTP/1.1" 302 0
[2026-05-20 05:45:28,041] INFO django.server log "GET /complaints/hod/handle/37/ HTTP/1.1" 200 25844
[2026-05-20 05:45:37,966] INFO django.server log "GET /notifications/mark-read/122/ HTTP/1.1" 302 0
[2026-05-20 05:45:37,989] INFO django.server log "GET /complaints/hod/handle/40/ HTTP/1.1" 302 0
[2026-05-20 05:45:38,019] INFO django.server log "GET /complaints/hod/suggestions/ HTTP/1.1" 200 28166
[2026-05-20 05:46:02,860] INFO django.server log "GET / HTTP/1.1" 302 0
[2026-05-20 05:46:02,912] INFO django.server log "GET /hod/dashboard/ HTTP/1.1" 200 38857
[2026-05-20 05:46:17,552] INFO django.server log "GET /login/ HTTP/1.1" 200 19123
[2026-05-20 05:46:33,758] INFO django.server log "POST /login/ HTTP/1.1" 302 0
[2026-05-20 05:46:33,824] INFO django.server log "GET /dashboard/admin/ HTTP/1.1" 200 44650
[2026-05-20 05:46:38,100] INFO django.server log "GET /complaints/admin/list/ HTTP/1.1" 200 77139
[2026-05-20 05:46:53,850] INFO django.server log "GET / HTTP/1.1" 302 0
[2026-05-20 05:46:53,900] INFO django.server log "GET /dashboard/admin/ HTTP/1.1" 200 44109
[2026-05-20 05:46:58,064] INFO django.server log "GET /notifications/ HTTP/1.1" 200 25839
[2026-05-20 05:47:01,901] INFO django.server log "GET / HTTP/1.1" 302 0
[2026-05-20 05:47:01,951] INFO django.server log "GET /dashboard/admin/ HTTP/1.1" 200 44109
[2026-05-20 06:06:56,673] INFO django.utils.autoreload autoreload Watching for file changes with StatReloader
[2026-05-20 06:07:08,820] INFO django.server log "GET / HTTP/1.1" 302 0
[2026-05-20 06:07:08,953] INFO django.server log "GET /student/dashboard/ HTTP/1.1" 200 42091
[2026-05-20 06:07:11,404] INFO django.server log "GET /student/dashboard/ HTTP/1.1" 200 42091
[2026-05-20 06:07:18,907] INFO django.server log "GET /student/dashboard/ HTTP/1.1" 200 42091
[2026-05-20 06:07:28,057] INFO django.server log "GET /hod/dashboard/ HTTP/1.1" 200 38857
[2026-05-20 06:07:30,149] INFO django.server log "GET /hod/dashboard/ HTTP/1.1" 200 38857
[2026-05-20 06:07:47,127] INFO django.server log "GET /dashboard/admin/ HTTP/1.1" 200 44109
[2026-05-20 06:07:53,718] INFO django.server log "GET / HTTP/1.1" 302 0
[2026-05-20 06:07:53,781] INFO django.server log "GET /dashboard/admin/ HTTP/1.1" 200 44109
[2026-05-20 06:13:39,208] INFO django.server log "GET / HTTP/1.1" 302 0
[2026-05-20 06:13:39,559] INFO django.server log "GET /student/dashboard/ HTTP/1.1" 200 42091
[2026-05-20 06:13:44,592] INFO django.server log "GET /student/dashboard/ HTTP/1.1" 200 42091
[2026-05-20 06:15:54,136] INFO django.server log "GET / HTTP/1.1" 302 0
[2026-05-20 06:15:54,392] INFO django.server log "GET /student/dashboard/ HTTP/1.1" 200 42091
[2026-05-20 06:16:01,351] INFO django.server log "GET /student/dashboard/ HTTP/1.1" 200 42091
[2026-05-20 06:16:04,113] INFO django.server log "GET /logout/ HTTP/1.1" 302 0
[2026-05-20 06:16:04,144] INFO django.server log "GET /login/ HTTP/1.1" 200 19435
[2026-05-20 06:16:09,515] INFO django.server log "POST /login/ HTTP/1.1" 302 0
[2026-05-20 06:16:09,563] INFO django.server log "GET /student/dashboard/ HTTP/1.1" 200 42632
[2026-05-20 06:19:05,206] INFO django.server log "GET /dashboard/admin/ HTTP/1.1" 200 44109
[2026-05-20 06:19:15,134] INFO django.server log "GET /hod/dashboard/ HTTP/1.1" 200 38857
[2026-05-20 06:19:16,272] INFO django.server log "GET /hod/dashboard/ HTTP/1.1" 200 38857
[2026-05-20 06:20:00,821] INFO django.server log "GET / HTTP/1.1" 302 0
[2026-05-20 06:20:00,898] INFO django.server log "GET /dashboard/admin/ HTTP/1.1" 200 44109
[2026-05-20 06:20:09,693] INFO django.server log "GET /logout/ HTTP/1.1" 302 0
[2026-05-20 06:20:09,890] INFO django.server log "GET /login/ HTTP/1.1" 200 19435
[2026-05-20 06:20:34,362] INFO django.server log "POST /login/ HTTP/1.1" 302 0
[2026-05-20 06:20:34,531] INFO django.server log "GET /faculty/dashboard/ HTTP/1.1" 200 37613
[2026-05-20 06:20:39,074] INFO django.server log "GET /faculty/dashboard/ HTTP/1.1" 200 37075
[2026-05-20 06:20:41,417] INFO django.server log "GET /complaints/investigator/my-investigations/ HTTP/1.1" 200 35137
[2026-05-20 06:20:51,109] INFO django.server log "GET / HTTP/1.1" 302 0
[2026-05-20 06:20:51,155] INFO django.server log "GET /faculty/dashboard/ HTTP/1.1" 200 37075
[2026-05-20 06:20:57,061] INFO django.server log "GET /feedback/faculty/list/ HTTP/1.1" 200 25811
[2026-05-20 06:21:01,268] INFO django.server log "GET / HTTP/1.1" 302 0
[2026-05-20 06:21:01,604] INFO django.server log "GET /faculty/dashboard/ HTTP/1.1" 200 37075
[2026-05-20 06:23:26,603] INFO django.server log "GET / HTTP/1.1" 302 0
[2026-05-20 06:23:26,695] INFO django.server log "GET /faculty/dashboard/ HTTP/1.1" 200 37075
[2026-05-20 06:34:43,513] INFO django.server log "GET / HTTP/1.1" 302 0
[2026-05-20 06:34:43,719] INFO django.server log "GET /student/dashboard/ HTTP/1.1" 200 42091
[2026-05-20 06:34:49,502] INFO django.server log "GET /student/dashboard/ HTTP/1.1" 200 42091
[2026-05-20 06:38:18,933] INFO django.server log "GET /logout/ HTTP/1.1" 302 0
[2026-05-20 06:38:19,073] INFO django.server log "GET /login/ HTTP/1.1" 200 19432
[2026-05-20 06:39:20,587] INFO django.server log "GET /complaints/submit/ HTTP/1.1" 200 30024
[2026-05-20 06:39:32,646] INFO django.server log "POST /complaints/submit/ HTTP/1.1" 302 0
[2026-05-20 06:39:32,742] INFO django.server log "GET /complaints/my-complaints/ HTTP/1.1" 200 38717
[2026-05-20 06:39:46,260] INFO django.server log "GET / HTTP/1.1" 302 0
[2026-05-20 06:39:46,341] INFO django.server log "GET /student/dashboard/ HTTP/1.1" 200 42212
[2026-05-20 06:40:05,482] INFO django.server log "GET /student/dashboard/ HTTP/1.1" 200 42212
[2026-05-20 06:40:06,639] INFO django.server log "GET /student/dashboard/ HTTP/1.1" 200 42212
[2026-05-20 06:40:15,756] INFO django.server log "GET /student/dashboard/ HTTP/1.1" 200 42212
[2026-05-20 06:41:08,471] INFO django.server log "GET /complaints/submit/ HTTP/1.1" 200 30144
[2026-05-20 06:41:12,468] INFO django.server log "GET / HTTP/1.1" 302 0
[2026-05-20 06:41:12,728] INFO django.server log "GET /student/dashboard/ HTTP/1.1" 200 42212
[2026-05-20 06:41:14,319] INFO django.server log "GET /complaints/my-complaints/ HTTP/1.1" 200 38140
[2026-05-20 06:41:27,890] INFO django.server log "GET / HTTP/1.1" 302 0
[2026-05-20 06:41:28,114] INFO django.server log "GET /student/dashboard/ HTTP/1.1" 200 42212
[2026-05-20 06:41:30,219] INFO django.server log "GET /complaints/submit/ HTTP/1.1" 200 30144
[2026-05-20 06:41:41,432] INFO django.server log "GET /appointment/ HTTP/1.1" 200 22283
[2026-05-20 06:41:49,639] INFO django.server log "GET / HTTP/1.1" 302 0
[2026-05-20 06:41:49,729] INFO django.server log "GET /student/dashboard/ HTTP/1.1" 200 42212
[2026-05-20 06:41:51,659] INFO django.server log "GET /appointment/ HTTP/1.1" 200 22283
[2026-05-20 06:41:53,944] INFO django.server log "GET / HTTP/1.1" 302 0
[2026-05-20 06:41:54,047] INFO django.server log "GET /student/dashboard/ HTTP/1.1" 200 42212
[2026-05-20 06:42:01,075] INFO django.server log "GET /complaints/submit/ HTTP/1.1" 200 30144
[2026-05-20 06:42:08,603] INFO django.server log "GET / HTTP/1.1" 302 0
[2026-05-20 06:42:08,664] INFO django.server log "GET /student/dashboard/ HTTP/1.1" 200 42212
[2026-05-20 06:43:00,999] INFO django.server log "GET /complaints/submit/ HTTP/1.1" 200 30144
[2026-05-20 06:43:10,601] INFO django.server log "GET /student/dashboard/ HTTP/1.1" 200 42212
[2026-05-20 06:44:22,594] INFO django.server log "GET /complaints/submit/ HTTP/1.1" 200 30144
[2026-05-20 06:44:24,384] INFO django.server log "GET / HTTP/1.1" 302 0
[2026-05-20 06:44:24,458] INFO django.server log "GET /student/dashboard/ HTTP/1.1" 200 42212
[2026-05-20 06:44:25,697] INFO django.server log "GET /complaints/my-complaints/ HTTP/1.1" 200 38140
[2026-05-20 06:44:30,834] INFO django.server log "GET /complaints/detail/41/ HTTP/1.1" 200 19510
[2026-05-20 06:44:32,846] INFO django.server log "GET / HTTP/1.1" 302 0
[2026-05-20 06:44:32,930] INFO django.server log "GET /student/dashboard/ HTTP/1.1" 200 42212
[2026-05-20 06:44:38,514] INFO django.server log "GET / HTTP/1.1" 302 0
[2026-05-20 06:44:38,586] INFO django.server log "GET /student/dashboard/ HTTP/1.1" 200 42212
[2026-05-20 06:45:21,842] INFO django.server log "GET /dashboard/feedback-reports/ HTTP/1.1" 200 64197
[2026-05-20 06:45:27,050] INFO django.server log "GET / HTTP/1.1" 302 0
[2026-05-20 06:45:27,122] INFO django.server log "GET /hod/dashboard/ HTTP/1.1" 200 38977
[2026-05-20 06:45:33,404] INFO django.server log "GET / HTTP/1.1" 302 0
[2026-05-20 06:45:33,494] INFO django.server log "GET /hod/dashboard/ HTTP/1.1" 200 38977
